conversation_id,customer_message,actual_intent,retrieved_cid,similarity_score,retrieved_customer_message,retrieved_reply,reply_word_count,reply_char_count,jaccard_similarity
427841,"Hi I'm using ios 11.0.2 on iPhone 6, keyboard doesn't fill screen when device rotated on landscape? Please solve this...",Keyboard,1411606,0.3514,why is the “i️” not working on the iphone keyboard? 😭,We can help look into this with you. DM us and let us know what apps this happens with. [URL],20,93,0.0
1434156,can other people see my iCloud profile pic when I send them e-mail?,Apple ID,993366,0.3595,how do you remove a photo from your iCloud profile?,"For iOS? Tap on the photo under Settings > Your Name, and you will see edit. You will then see Take Photo or Choose Photo option.",26,129,0.0303
2477569,"Another issue with my iOS11 iPhone…plug it in to charge overnight, wake up and it hasn’t charged. @AppleSupport",Battery,90233,0.3261,#podcast issue on #ios11 [URL],We'd be happy to look into this with you. Can you tell us what the message says in the screenshot and which version of iOS 11 you're using?,28,139,0.1
2749359,Hey @115858 - you know this OS update is freezing phones momentarily... we know u know,Phone Performance,1044424,0.3602,"Hey @115858, each new OS update is more buggy than the last. Get your shit together.","Hey, Ryan! Perhaps we can help. Send us a DM of which device you're using. We can go from there. [URL]",21,102,0.0312
110967,any chance keyboard lag on the iPhone will be fixed soon? I upgraded my 6s+ to 11.1.2 and it's still sluggish 😭,Keyboard,2130348,0.3419,Is the “I️” issue expected to be fixed soon?,Here’s what you can do to work around the issue until it’s fixed in a future software update: [URL],19,99,0.0789
1759675,hey I recently disabled my Apple ID and I would like to re enable it,Apple ID,156040,0.5058,is there not a simple fix for a disabled Apple ID?,"Being able to get into your Apple ID is important. So we can get to the bottom of this, could you let us know what message you are seeing exactly when you try to log in?",36,169,0.0714
1848614,I just updated iPhone 11.0 iOS it is jumpy it’s not typing any words correctly is anyone having this experience @115858 #iphone7 😡,Keyboard,2434677,0.2567,@115858 My iphone7 with the new IOS goes very slow. What a shit is this?,We're here to help! Please DM us and let us know which specific iOS version you're using. [URL],18,95,0.0263
2305170,.@115858 please fix this glitch I️m,Keyboard,1162075,1.0,@115858 PLEASE fix the “ I️ “ glitch,Here’s what you can do to work around the issue until it’s fixed in a future software update: [URL],19,99,0.0
1162142,why can’t I use a vpn on safari after the most recent update? I have 2 take it off to use it????,Apps & Storage,1584659,0.3084,there’s some weird issue with the letter “i” in the most recent update [URL],"Hey there! Let's try the steps in this article: [URL] If they don't help, DM us. [URL]",17,86,0.0286
2306245,"my iphone 8 keeps freezing on the home screen thinking im pressing the message icon, every time i have to reset it Any ideas? [URL]",Phone Performance,1174785,0.3249,"Ever since the update, my iPhone keeps freezing and quitting apps. Sometimes for long periods of time. What is going on?","Having a reliable iPhone is important, and we can help. As a starting point, which iPhone model & iOS 11 version are you using?",24,127,0.0222
2282224,@115858 @applesupport my #iphonex is literally freezing faster than me in the cold and why the hell does it always look like there‘s water inside my screen while unlocking? [URL],Screen & Camera,1582157,0.3418,"Hey @115858, why the hell does the letter “I️” look like this?!?! #AppleProblems #FixThis",We want to help get your device working as it should. Take a look at this article: [URL],18,88,0.0698
553641,'Mo Updates 'Mo Problems. My phone just got stuck in landscape. Thanks 11.2,Screen & Camera,1367634,0.3167,"I had zero problems with my phone before I updated. Now i have 99 problems, thanks @115858",We want to help. Reach out via DM and tell us more about your problems. [URL],16,77,0.037
2283100,"I have all the current updates on my phone, and my phone glitching and freezing. @115858 @AppleSupport I’d like to be on my phone for more than 5 minuets w/o having to lock and unlock... it even turn off and on agin. This didn’t happen UNTIL iOS11.1🙄🤔😒",Phone Performance,844246,0.2567,@115858 i updated and when i turn off wifi it automatically turns it back on after lock and unlock.. very annoying.. u know about this?,Are you turning Wi-Fi off in Settings? Control Center just disconnects Wi-Fi. Read more here: [URL],16,99,0.0385
873673,It took me to long to notice Apple screwed us how do I charge my phone and use my headphones without air buds?@115858,Sound & Bluetooth,2975831,0.4229,I lost that stupid converter and I can’t use my headphones without it.,We want to help. Send us a DM letting us know which country you are located in. [URL],18,85,0.0556
1536288,iTunes is the worst for restoring iPhone. Ruins an otherwise simple and delightful @115858 upgrade experience. Has broken all my devices.,Apps & Storage,2484221,0.2305,iPhone is abnormally slow after the upgrade,Thanks for reaching out! That’s not the experience we want you to have with your iPhone. Let us know which version of iOS you’re running in DM. We’ll take a closer look at this with you there. [URL],38,198,0.0556
1747366,@115858 and @AppleSupport - PLEASE fix the “I️” [?] autocorrect glitch.,Keyboard,665764,0.5837,@115858 @AppleSupport FIX THIS I️ PLEASE,"We recently released an iOS update, 11.1.1, that contains a fix for autocorrect issues. Let’s be sure to back up your device prior to updating. How to back up: [URL]",30,165,0.0556
2798459,Ok I️ try and keep my bool about @115858 updating our phones but why the fuck can’t we type the letter I WITH OUT SEEING “?”,Keyboard,1532218,0.4837,why can’t I️ type the letter I️ ❔❔❔,We want to help. Send us a DM letting us know if you are updated to iOS 11.1. [URL],19,83,0.0244
2872578,my battery doesn’t last more than 2 hours with the new update... You need to listen to the consumers.,Battery,713393,0.4287,I need you to do something with the new iOS! My battery doesn’t last not even 2 hours! #PleaseHelp! IPhone 7 Plus iOS 11.0.2,"Thank you for reaching out, and we'd be glad to help. Send us a DM to get started. [URL]",19,88,0.0606
2199248,@115948 @115858 so y'all sent ANOTHER update...I complete the update and now my entire iTunes library is gone.... How Sway?! whyyy sway,Apps & Storage,2454125,0.3892,@115948 @115858 @AppleSupport [URL],"We love hearing from our customers, that's how we improve our products. We welcome feedback here: [URL]",17,103,0.0286
2466453,just purchased a MacBook Pro with AppleCare. Want to import password keychain and notes only. Can you help?,Apple ID,1809615,0.3375,Just purchased a MacBook Pro @115858 @29645. Need service help. Four hour wait time. Someone needs to disrupt this business.,Congratulations on the purchase of your new MacBook Pro. We may be able to help. Can you please message us in DM? [URL],23,119,0.1081
561748,"The last week my iPhone goes from 70% battery to 1% in less than 30mins even when I havnt touched the phone😡 i have it on battery saver even tried air plane Mode, it’s so annoying! @AppleSupport why is this happening it’s so frustrating",Battery,2013358,0.2944,I️ 👈 is so annoying!!!! @AppleSupport please fix this!!!,Thanks for reaching out. We have a workaround for this here: [URL] DM us if you still need help. [URL],20,102,0.037
1028445,my phone died and now ive plugged it in and its comepletly blackscreen and it wont even show the charging symbol HELP @AppleSupport,Battery,1566868,0.3781,Help @AppleSupport,What's going on? How may we help you today? Send us a DM with as much information as possible so we can assist. [URL],24,117,0.0244
2300181,It’s so freaking slowwww and crash everytime on safari geezzzz high sierra is shit @AppleSupport [URL],Phone Performance,2266708,0.3105,how do I prepare a High Sierra USB to reinstall from scratch this MBA ? [URL],Hi there. That's a great question. We can certainly point you in the right direction to create a bootable installer for macOS. You can find the steps outlined here: [URL],30,170,0.0244
2953754,"@115858 just got new headphones with the iPhone 8 and they started making a weird noise but I kept them in anyway. They just POPPED in my ear and now my ear hurts, what are you going to do about this?",Sound & Bluetooth,2488638,0.3692,my iPhone 6S Plus is making a weird rattle noise when it vibrates. Everything works normally but noticed it started that this mornin.,"We’d love to help with your iPhone. To start, send us a DM confirming in which country you are located. [URL]",21,109,0.1224
559019,my iphone7+ keeps crashing like every few minutes ??? What do I do,Phone Performance,1146719,0.5049,my phone keeps crashing .,"That's not what we'd like to hear, and want to help stop this from happening. Tell us more about what you're experiencing.",22,122,0.0667
1448091,Why the heck does my autocorrect keep wanting to change a capital I to an A with a ? box?? Had to turn it off completely [URL],Keyboard,2289294,0.6478,Why the heck does autocorrect turn “ i “ to this... @AppleSupport [URL],"Here's help with that! iOS 11.1.1 was recently released and it includes a fix for auto correct issues. Be sure to back up your device prior to updating, and DM us if the issue persists afterwards. How to back up: [URL]",41,218,0.1111
811638,"Hi trying to download a game on to my phone but keeps telling payment failed, can't sign in to itunes too",Apple ID,2120258,0.3625,I can’t download or listen to the music that bought. It keeps on telling me this [URL],Thanks for reaching out. We'll do our best to get this taken care of. Have you ever been an iTunes Match subscriber?,22,116,0.0513
2300649,@115858 fix iOS 11 ASAP please. I’m about to switch to a damn Note 8 just so I can type the letter I and so my phone is ACTUALLY water proof. You’re slipping.,Keyboard,1688518,0.4496,"Dear @115858, Please fix iOS 11.1 ASAP. This is a mess.",Let us know the device you're having issues with in DM and we'd be happy to assist you. [URL],19,93,0.0652
1752177,my phone crashes 10 times a day but i'm afraid if i update it the problem will get worse @AppleSupport i'm looking @ u,Phone Performance,1286460,0.3283,@115858 why is my iPhone 7 freezing & needed a soft reset 9-10 times every day with the newest update?,We'd be happy to help look into this with you. DM us and let us know when this started happening. [URL],21,103,0.0
394572,"Hey @115858, how the f*uck do I turn of this terrible new (dis)connect wifi and bluetooth feauture?! Damn, how it sucks!!",Sound & Bluetooth,2066347,0.35,wottice dis?? [URL],"Hi there, we'd be happy to review this for you. Please DM us additional details and we'll go from there. [URL]",21,110,0.0513
306112,"Hi, my mother got an iPhone 6s this year in March 2017. The charging wire of her phone has started cracking. (1/2) @AppleSupport",Battery,587013,0.2905,It’s 0700 and my phone has already started this bullshit @115858. Restart x 1. Get it together. @AppleSupport,"If you're having troubles with your phone restarting on its own, we can help. Please try the steps listed on the following page, and let us know how it goes: [URL]",31,163,0.04
310240,@115858 WHY DOES FACETIME NEVER WORK?!,Apps & Storage,963721,0.485,@115858 please fix FaceTime.,We're here to help. Tell us what issue you're having with your FaceTime app. Which iPhone and iOS version are you using?,22,120,0.037
1644557,when I tap on @ I get ? I have to go to keyboard numeric to use @ symbol. Example: ?AppleSupport.,Keyboard,2014456,0.3405,why is keyboard suddenly typing i as a symbol since the 11.3 update?,Thanks for reaching out. We have a workaround for this here: [URL] DM us if you still need help. [URL],20,102,0.0303
1999665,"got a new phone. 8+, restoring from iCloud and it’s asking me for passwords to 2 unknown Apple ids. It won’t go away!!!",Apple ID,1645103,0.2712,any ideas what’s going on here? I️ didn’t see this until someone asked me about it.. now it won’t go away. [URL],Here’s what you can do to work around the issue until it’s fixed in a future software update: [URL],19,99,0.0769
1061434,"can you tell me why my charger isn’t working?! I’ve only had it a year, so inconvenient",Battery,1977180,0.2953,@115858 so the i letter isn’t working wassup with that ?,"Let's look into this together! DM us which device and iOS version you're seeing this issue on, and we'll start from there. [URL]",23,128,0.0
2465717,So apparently @AppleSupport has forced iCloud on my phone and has been backing up information I thought I had been deleting! If I want your,Apple ID,738929,0.1916,I just lost all of my icloud information because my phone number was different than when I first started the account thanks @AppleSupport,"We know how important iCloud can be. If you haven't already, please check out our Apple ID resources: [URL]",19,107,0.0526
1540005,can you please tell me why the iPhone screens keep freezing,Phone Performance,589531,0.3252,@115858 please can you tell me when my #iPhone will stop crashing after the new update? Should have bought a @1107 brick!,We'll gladly assist in any way we can. Are you able to describe details of the issues you're facing? Also what device and what iOS version it's running?,28,152,0.0556
2064248,updated 11.0.2 and now my phone is freezing up and screen rotation sticking in landscape mode!!!!,Screen & Camera,1773374,0.4201,my iPhone 8 is on screen lock it 24/7 and it still rotated to landscape mode,"We'd be happy to look into this with you! To begin, can you tell us what iOS version you're currently on?",21,105,0.0
2544028,if you don’t put all my memes and pictures of my favorite people back in my phone we’re gonna have a problem,Apps & Storage,2743027,0.2999,"I phone acting up again , home button gets scorching hot. Phone gonna explode @115858",That's not the experience we want you to have. Join us in DM so we may better assist you: [URL],20,95,0.0541
1933920,My @797 keeps skipping screens and freezing. It won't let me type. @115858 this is crazy,Screen & Camera,2008702,0.3442,Why the fuck we can’t type “l” @115858,We can help you out. Take a gander at the following article and DM us with any questions. Thanks. [URL] [URL],21,109,0.0286
87013,"I took this screenshot a second ago. My phone thinks it’s 9am. Or maybe I time traveled… Go home iPhone, you’re drunk… [URL]",Other,2269945,0.28,Ever since my iOS updated my phone thinks I’m my brother...? He doesn’t even own an iPhone @115858 [URL],Let’s team up to get your iPhone back on track. Is your Apple ID still showing under Settings > Music? Is your contact entry selected under Settings > Siri & Search > My Information? Let us know via a DM. We’ll go from there. [URL],45,231,0.0714
2471924,My iPhone 7+ keeps becoming unresponsive continuously and I can’t hard reset holding home button & lock. IOS up to date #Help,Phone Performance,1212801,0.3281,my iPhone 6 stops recognizing my finger(home button works) about once every 15 minutes and I have to hard reset my phone 2 fix,We'd love to help you! We'd like to look into this further with you. Send us a DM to get started. [URL],22,103,0.025
1023599,"my phone crashed & the 2 options were to restore it to factory settings or to update it, updating would mean the photos & notes dont get deleted yet everything of 1 year is GONE now.. photos, notes, EVERYTHING. it went to factory setting automatically. i hate @115858 @AppleSupport",Phone Performance,1443235,0.3889,Hello how to restore factory settings for iPhone? 😀,"You've come to the right place for help with this. Check out the following resource, which provides the details you're looking for: [URL] DM us if you have any questions. [URL]",31,176,0.0294
1095929,HALP. my phone won’t stop screen recording. Even after turning it off.,Screen & Camera,2041361,0.3963,"phone won’t stop freezing since the update, thank you for this.","We'd love to help. Can you provide your complete software version from Settings > General > About > Version, in DM? [URL]",22,121,0.0
325941,after updating. My wifi and bluetooth are not functioning properly. Wifi works for a minute or two then it disconnects. [URL],Sound & Bluetooth,1148817,0.3574,The IOS 11 WiFi and Bluetooth thing pisses me off. I shouldn’t have to keep turning off my WiFi and BLUETOOTH every time I get into my car,We're here to help. DM us a little more about what's going on and we'll go from there. [URL],19,92,0.0833
1772897,- why these boxes still showing up on my phone after I️ updated my it ? 👀 @AppleSupport,Keyboard,2280576,0.7452,My phone still has yet updated 🤷🏾‍♀️ @AppleSupport,Let's see how we can help. What happens when you try to update your iPhone? What is the current iOS version you have installed? You'll see this in Settings > General > About.,33,174,0.0
1136049,ever since I updated my phone my battery has been dying quickly. Can you help?,Battery,1030449,0.5232,"Dear @115858, why is my phone battery dying so damn fast ever since these last few updates?",How long ago did you update you iPhone? Please reply in DM. [URL],13,65,0.04
1700794,• Can’t fund where ringtones are in iTunes now. Can you point me to where they are?,Apps & Storage,1101058,0.3101,SOS need help. Individual assigned ringtones in contacts not working.,"We'll take a look and see what's going on. To verify, what's the iOS version? Does restarting your device make a difference?",22,124,0.0286
2020667,Can y’all give us an update on this stupid question mark crap that y’all are incapable of fixing? But I should pay $900 @115858 I️,Keyboard,2298064,0.4682,Wtf is up with my keyboard and that stupid question mark #comeonapple @115858,"Let's check into this together. Which iOS are you running? Check here: Settings > General > About > Version. If you're not already on iOS 11.1.1, please update to that version and check to see if the issue persists: [URL]",40,221,0.0962
1599229,Anyone else having #iOS111 issues? My wifi keeps disconnecting. @AppleSupport #ios11 #apple,Other,648578,0.3942,Hey @AppleSupport Your chat service keeps disconnecting. What gives?,We'll be happy to look into this with you. Try using another browser for our Chat Support and DM us details on the reason you're reaching out to them. We may be able to help with any issues you're having here. [URL],42,215,0.0208
2432815,Tried to update my phone & now its stuck on the plug into iTunes screen and won’t connect to any computer🙃 thanks @AppleSupport. Now i gotta send it to Apple to get fixed.,Apps & Storage,1707800,0.2829,Nahhhhh @AppleSupport y’all gotta fix this now [URL],Here’s what you can do to work around the issue until it’s fixed in a future software update: [URL],19,99,0.0435
2059463,my iPhone 6 used to work perfectly before iOS 11 update. And now the battery dies like never before. #Problem,Battery,2899021,0.3458,"WhatsApp & messenger calls not working on iPhone X, used to work properly on iPhone 7; can you please help ?",We'd be happy to look into this with you more in detail. Please reach out to us via DM and we'll get started. [URL],24,115,0.0488
114459,A recent upgrade to iOS 11.1.2 has made my phone so so slow . I hate it. It’s so laggy now @AppleSupport,Phone Performance,834080,0.4257,"Once again, I did the upgrade to IOS 11 and my phone is not working! haha thank you @115858","What's going on, exactly? Let us know in a DM. [URL]",11,52,0.0333
199425,5s woke me up at midnight flashing and playing an alarm at max volume. Now it appears to be working. @115858 ?,Sound & Bluetooth,937715,0.3229,Is anyone else’s messages not working @115858,Let's look into that. Send us a DM and we'll go from there. [URL],14,65,0.0294
2284498,LMFAO I JUST BOUGHT THE IPHONE X AND THE SCREEN WENT BLACK AND NOW IT WONT TURN ON @AppleSupport @115858,Screen & Camera,2310665,0.3666,i was texting my friend on my phone and my phone screen went black instantly. music was still playing in the background but the screen just went black and i dont know what to do???,We've received your DM and look forward to working with you there. [URL],13,72,0.0333
2558616,stop automatically putting my wifi & bluetooth on @115858,Sound & Bluetooth,1864582,0.461,updated my IOS. Now my wifi and Bluetooth turn on automatically. How do I turn that off?,Control Center will Disconnect Bluetooth temporarily in iOS 11. Turn it off in Settings. Learn more: [URL],17,106,0.0417
954030,"Ever since the last update, my battery has been running down pretty fast! Sometimes within minutes, it's out. Please advise.",Battery,2754773,0.31,my iphone have problem . Battery fast finsh after new update ???????????,"We're here to help! Send us a DM, and we'll take a closer look at your battery life together there.",20,99,0.0263
2911763,Hey @115858 thanks to your stupid updates my iPhone 7 which is less than a year old won’t stop freezing and glitching,Phone Performance,2041361,0.3952,"phone won’t stop freezing since the update, thank you for this.","We'd love to help. Can you provide your complete software version from Settings > General > About > Version, in DM? [URL]",22,121,0.05
1642353,"@115858 Data lost, suddenly shutdown, jumping screen after updating 7+ to iOS 11.0.3. What’s wrong?",Phone Performance,1997399,0.3933,@115858 after updating it to iOS 11.1,"We know that unexpected warmth can be a concern. So we can look into this with you, let's chat over in Direct Message. [URL]",24,124,0.0
1727715,"@118845 Hey bought Beats X and they connect to my macbook perfectly but not my s8+, shows up on bluetooth but wont connect. Please help",Sound & Bluetooth,617115,0.3372,@118845 I've had my beats powerbeats 3 for a year and a day before my wzrenty was up they broke help me out,We’d like to see how we can help. Can you DM us some more details about the issue you're having? [URL],21,102,0.0238
2888487,how is my phone broken and won’t charge unless it’s a certain way ... how do i fix this @115858,Battery,127141,0.4228,@115858 my phone is broken 😑.,We'd be glad to assist! What issues are you experiencing?,10,57,0.0
2064119,"The new @118134 IOS game is awesome! If the new @115858 IOS update didn’t destroy my battery, I wouldn’t stop playing it.",Battery,1863253,0.3469,i mean has the new @115858 ios 11 update fuccd anyone elses phone???,We want to make sure your iPhone is working as you expect it to. Could you join us in DM with more info on what you're seeing? [URL],28,132,0.0222
236803,noticed some Airpods connection problems while listening to music. Sometimes they just disconnect without any reasons.#iOS11?,Sound & Bluetooth,2731420,0.2836,why does my iPhone always restart when I’m on Pandora listening to music?,"Thanks for contacting us, we can help you with your iPhone restarting issue. What iPhone model are you using and which iOS version is it running? How to find the iOS version: [URL]",33,180,0.0222
2279570,haven't been able to use AppStore all day! Help! 😓,Apps & Storage,881177,0.4251,I haven’t been able to get my voicemails since the iOS 11 update @AppleSupport,Hi there. We'd love to help out. Please DM and tell us what carrier you have. We'll meet you there. [URL],21,105,0.0357
1078295,WHY DOES MY MUSIC PAUSE EVERY TIME I GET A NEW SNAPCHAT? #ios11update @115858,Sound & Bluetooth,2690910,0.2757,why does my snapchat crash every time i take a picture @124423 @AppleSupport,"Hi there, and thanks for reaching out to us today! For best steps to resolve this issue, check out our article here: [URL]",23,122,0.0
1305203,"How the hell am I getting charged by @118721 ? I dont even have an account ugh, just ugh. More reasons to hate @115858",Apple ID,2813603,0.2602,I’m literally not getting people’s texts!!!! Good!!! I hate you @115858,"We'd love to help with any issues you're seeing with Messages. Please let us know when this started and any steps you've tried since noticing it. Is this occurring with all standard SMS text messages, iMessages, or both? Which device and version of iOS are you using?",47,267,0.0156
1997778,Hey @AppleSupport what’s going on with this autocorrect for a capital I? [URL],Keyboard,1999281,0.4841,Hey @115858 @AppleSupport what is going on with this? [URL],Let's have a closer look. Can you tell us if you're fully updated to iOS 11.1? DM us your response using this link: [URL],24,121,0.0909
1434192,Is there a way to rebalance volume? I have mine set all the way down to 1/4 bar and it's still kind of too loud :/,Sound & Bluetooth,2410109,0.3334,Is there way to get my volume to stop muting randomly?? @AppleSupport,"Thanks for reaching out to us today. We'd be happy to look into what's going on with your sound. So we can provide you with the best steps, can you let us know which device and software version you're experiencing this issue on?",43,228,0.0508
498652,my iPhone5 screen gets unresponsive in plane & also becomes hot. Happening since last 6 months in every journey (12-15 journeys) [URL],Screen & Camera,1442438,0.2803,why is this happening? I️,We are here to help. DM us your iOS version and we can take a look at this. [URL],19,81,0.0263
1180116,okay what the fuck is up with iphone needing to “load” your camera roll/photos.. there should be no loading??? it never used to happen before idk if it came with the new ios but I am NOT here for it. @AppleSupport,Apps & Storage,1996156,0.2664,@115858 can someone please explain why my camera roll videos are buffering? Bit dodge,"Hey, we want to learn more about what's going on with the videos. Send us a DM and we'll continue there. [URL]",22,110,0.0536
2702135,Phone been unusable allllll day on this spin wheel shit. It finally come back on and now I’m locked out my own iCloud for 24 hours due to @115858 phones being pieces of shit. Guess who ain’t got nobody number? 😔,Phone Performance,724636,0.2515,are any of your other stores open 24 hours?,Thanks for reaching out. We're here to help. DM us so we can look into this further with you. [URL],20,99,0.0536
1736100,"When driving mode is on and I receive a call, I can’t turn volume up or down from my Apple headphones.",Sound & Bluetooth,187938,0.2769,@115858 can I get an iOS update on being able to manually press a button to get out of headphones mode when I’m not even wearing headphones?,"We'd love to help. When you adjust the volume on your device, do you still see a headphone volume indicator?",20,108,0.1176
2013717,@115858 @AppleSupport please fix the “i” glitch in the newest update thank you,Keyboard,2488704,0.6065,@115858 @AppleSupport can you fix the “I️” glitch already,"We just released an update, iOS 11.1.1, to address this. Have you had a chance as of yet to update to 11.1.1? If not, back up your device, then give that update a go and let us know if you see a change afterwards.",44,213,0.0426
395629,"@115858 ever since I updated my phone to ios11, I can’t stream videos. Bummer",Apps & Storage,1690682,0.6101,What is this “A?” @115858 I️ updated my phone.,Here’s what you can do to work around the issue until it’s fixed in a future software update: [URL],19,99,0.0323
2743065,How come i have to keep turning my Bluetooth off... shouldn’t it just stay off once ive done it? @115858,Sound & Bluetooth,1880662,0.4987,"There is Lag while turning on / off bluetooth , please release a bugfix for this",We're happy to help with the Bluetooth on your iPhone 6s. Tell us in DM the iOS 11 version number on your iPhone. [URL],24,119,0.0513
1053648,wtf?? i delete all the photos last week and this morning there was only 300 on my camera roll what the hell @AppleSupport ? [URL],Apps & Storage,1161968,0.4141,I️ am over this whole I️ thing. Get it the hell together @AppleSupport,Here’s what you can do to work around the issue until it’s fixed in a future software update: [URL],19,99,0.075
2052582,Who is responsible for this fresh new aggravation since the iOS 11 update? @115858 @115725? No internet yet I have LTE?? #iphone [URL],Other,811648,0.5297,@115725 @AppleSupport WHY TF IS MY LTE ON MY IPHONE 7 PLUS NOT WORKING?!?,Let us know what is happening there with your signal. What issues are you seeing?,15,81,0.0278
1632365,@115858 wtf happened to autocorrect? It capitalizes random shit and changed “view” to “Brie” like fuck,Keyboard,1735055,0.3447,@115858 I️ I️ I️ wtf is this,Here’s what you can do to work around the issue until it’s fixed in a future software update: [URL],19,99,0.0303
2493887,"after trying to update my phone, my iphone won’t stop freezing so now i can’t watch youtube, netflix nor can i shapchat. galaxy note8 here i come!",Phone Performance,2041361,0.4358,"phone won’t stop freezing since the update, thank you for this.","We'd love to help. Can you provide your complete software version from Settings > General > About > Version, in DM? [URL]",22,121,0.0476
1478397,Fix these damn question mark boxes! EYE would like to be able to type the letter EYE again @AppleSupport,Keyboard,1990230,0.4422,WTF @115858 why can’t “eye” type the letter “eye” without seeing this question mark in a box!!! I️,We're here for you. DM us the version of the iOS you're running using the link below and we'll go from there. [URL],23,115,0.027
1881556,fixed my screen LAST WEEK. shit cracked today. AND I HAVE A CASE. AND A SCREEN PROTECTOR @AppleSupport I want to make a return,Screen & Camera,2016556,0.4961,Case and screen protector.screen still cracked. @115858 i need a new one fam.,Physical damage to a device is never fun. We'll be happy to look into your options. Please DM us what country you are in: [URL],25,127,0.0488
1455396,@115858 fix this problem with typing I️ and sending these damn lines.... messing my work emails all up 🤯🤬🤯🤬,Keyboard,1673580,0.4899,@115858 can you please fix this “ I️ “problem,Here’s what you can do to work around the issue until it’s fixed in a future software update: [URL],19,99,0.027
2015587,since the latest phone upgrade I randomly lose the time/date on my locked home screen and have to restart. What gives?,Phone Performance,1054188,0.2874,The time keeps disappearing on my lock screen and I have to restart my phone to see it again- any fixes you know of?,Let's look into this. Which version of iOS is installed? Please check in Settings > General > About.,18,100,0.0
1458780,"Hey @AppleSupport, you really need to get this glitch with the “I️” figured out. Keeps sending a weird “A” with a question mark in a box...",Keyboard,1412625,0.4407,Lol @AppleSupport I️ am really digging the question mark box with the new update.,We are here to help. What kind of device are you using and is it on iOS 11.1? You can check in Settings > General > About,27,121,0.0682
1906549,iPhone 7 Headphone connection is flawed. It constantly pauses what I am listening to if the chord gets moved very slightly.,Sound & Bluetooth,2361692,0.1458,Hey @AppleSupport my iPhone X didn’t come with the lightning to headphone adapter...,We're sorry to hear that. What country are you contacting us from? Was it purchased through Apple? Let's meet up in DM. [URL],23,125,0.0732
975824,since updating to iOS 11.0.2 my iPhone 6 Plus won’t stop freezing and crashing. Please fix this issue. It’s unbearable! #ios11,Phone Performance,2041361,0.424,"phone won’t stop freezing since the update, thank you for this.","We'd love to help. Can you provide your complete software version from Settings > General > About > Version, in DM? [URL]",22,121,0.025
1524123,Hey @AppleSupport! How to deactivate live mode in the camera? There’s nothing in settings on ios 11.1...,Screen & Camera,2888432,0.4484,why is it that none of my live backgrounds animate?,"We'd like to help. To start, could you please let us know which device and software version you're using?",19,105,0.0303
1036548,"Why do all folders on iCloud Drive appear in iOS, but only some appear on macOS? (Chunky Comic Reader, and Sketchbook) [URL]",Apps & Storage,394574,0.4362,"Hey Apple, how can I create folders in the iCloud-Drive-Storage in the File-Manager app in iOS 11? Thanks","Hey there! Select Browse, then iCloud Drive. Slide the screen downwards and an icon to create new folders will appear on the left.",23,130,0.1351
1773171,So much for @115858's iPhone 7 Plus being waterproof...dropped three droplets of water on it and now the keyboard isn't working. 😒 @AppleSupport,Keyboard,548081,0.4536,Why? @AppleSupport @115858 iPhone 7 Plus [URL],Thanks for reaching out. We know how important it is for your device to work as expected and we'll do everything we can to assist. We'd recommend following the steps here: [URL],32,177,0.0833
1814499,@115858 I can never catch a 🤬 break with y’all! I just bought a new headphone adapter listened to a whole song & now it not being recognized,Sound & Bluetooth,2361692,0.3713,Hey @AppleSupport my iPhone X didn’t come with the lightning to headphone adapter...,We're sorry to hear that. What country are you contacting us from? Was it purchased through Apple? Let's meet up in DM. [URL],23,125,0.0435
1233616,@115858 fix ios11 cause my phone freezing since updating,Phone Performance,1018325,0.3982,my phone has been freezing up since #1102update. What the hell?,Let's see what's going on with your iPhone. Does this appear to happen when using a certain app or is it random?,22,112,0.0
1940919,Could anyone good at computers tell me why this iCloud Drive folder acts like this? Literally can’t open it 😫 running 10.13 17A405 [URL],Apps & Storage,765633,0.4898,How do I create a sharable URL for a Icloud Drive folder?,Hello! Check out this article about the iCloud Drive: [URL],10,59,0.0968
2825492,Why is my battery going down so fucking fast @115858 [URL],Battery,2021322,0.3804,@115858 [URL],Thanks for reaching out. We have a workaround for this here: [URL] DM us if you still need help. [URL],20,102,0.0357
2019598,@115858 my brand new #iPhoneX has a nasty bleed through problem. For only 1k+ you can get 3/4 of an awesome screen! Genius here I come.,Screen & Camera,2144081,0.3547,@115858 !! THIS A BRAND NEW IPHONE 8 NOT REFURBISHED WHY TF IS MY PHONE BLACKING OUT ?!?,Let's work to get this resolved. DM us and tell us more about what's going on with the iPhone. We're happy to help! [URL],24,121,0.0213
2352175,Downloaded and paid for @118062 #repuatation - however it’s not playing in my @AppleSupport #applemusic #itunes,Apps & Storage,842527,0.3652,Hi. My music on my iPhone is assuming I need applemusic to play even though all the songs I have downloaded and paid for?,"We love our music too, so let’s get this working. Are you a current Apple Music subscriber? Any specific error message?",21,119,0.0
1526937,Hello @AppleSupport why is this weird code/question mark happening in my messages and apps?,Keyboard,1616732,0.3329,why is the letter i sending as a question mark in every one of my messages?,Let us know if this article helps: [URL],8,40,0.0476
1028442,"@115858 @116333 @AppleSupport What’re u guys doing 2 my iPhone?It’s overheating,battery draining to a point,beyond annoying.#FixMyiPhone",Battery,1163271,0.3058,my iphone 6s battery is draining down every 2 minutes and it’s overheating ever since i updated to ios 11 PLEASE. FIX. THIS.,Allow us to take a look. What is the device model; did you allow a few hours for app updates as well ? Send us a DM. [URL],28,122,0.0526
2364557,"For some reason I have to charge the remote on my 4K Apple TV like every week, or more often. This isn’t normal is it? @AppleSupport",Battery,718100,0.4442,HELP ME WITH MY NEW 4K APPLE TV IVE TRIED EVEYTHING TO GET THE APP TO WORK WITH IT,We want to make sure we are getting you to the right spot for help. Please reach out here: [URL],20,96,0.0732
2549918,to update my FREE apps I have to have money on my account... why do you even need a card on file in the first place. Sketchy af @115858 🙄🙃😅😒🙄,Apple ID,2899023,0.4166,how come I need to enter my card information when I’m updating apps and it’s all free? Then when I enter my card information it says not enough funds TO UPDATE FREE APPS #wtf,We can help you get this sorted out. Join us in DM so we may better assist you: [URL],19,85,0.0476
2304018,WTF!! @115858 @AppleSupport @2531 this update is BULLSHIT my battery is fkn fried I literally unplug it and it drops to 70% FIX THIS SHIT! #iphone #iosfail #ios1111 #iphonefail,Battery,1715608,0.265,fix this shit I️,Here’s what you can do to work around the issue until it’s fixed in a future software update: [URL],19,99,0.0227
2565755,"hi. I'm having problems because I changed of country, and my App Store doesn't let me download new local apps. Each time I change my account settings, the system asks me a new change to the other country.",Apps & Storage,741643,0.2061,I am not able to download any this fro app store. Why?,Hi there. We'd like to help. Could you tell us what happens when you try to download from the App Store?,21,104,0.0851
2004245,"plz help, “system” taking more than half of my phone’s storage [URL]",Apps & Storage,2787803,0.5135,Can someone tell moi why “other” is taking up half the storage on my phone 😫 @115858 @AppleSupport HELP MOI!!!!!,We want to help! What model of iOS device are you using? Do you have the most recent version of iOS 11.1.2 downloaded? [URL],24,124,0.0645
1650175,Bruh @115858 fix our mf phones & get these question mark boxes outta here,Keyboard,1746000,0.4523,Bruh I️m sick if these got damn question mark boxes that are taking the place of the ‘i’ 🤬. @115858 fix it! Lol,Here’s what you can do to work around the issue until it’s fixed in a future software update: [URL],19,99,0.0
1881571,my ipad's speaker damaged. Reason is unknown. Apple service centre refused to repair it. My favourite device....m really sad 😔 [URL],Sound & Bluetooth,187425,0.361,"My phone came back from Apple service centre and now, I can’t find any of my Apple Music songs or playlist even after log in.",You're very welcome. Please DM us if you have any other questions: [URL],13,72,0.0312
862762,experienced an error -21 06f when doing an internet recovery of my Mac. Now I have this screen. Please help. [URL],Phone Performance,1707757,0.3387,"help, please. 🤨🧐🙃 [URL]",Here’s what you can do to work around that issue until it’s fixed in a future software update: [URL],19,100,0.0263
1919561,My iPhone 6 keeps on dying! Is my battery dead or is my charger faulty??? @AppleSupport @115858,Battery,1434261,0.4825,can you please help my IPhone 6 keeps dying within a minute after a full charge,We'd be happy to help. DM us which country you're in and we'll look at your phone in detail with you there. [URL],23,113,0.0
1133548,@115858 iOS 11.1 iPhone 6s weird spilt screen during calls. Any fix? [URL],Screen & Camera,1773431,0.4305,fix it!! [URL],Here’s what you can do to work around the issue until it’s fixed in a future software update: [URL],19,99,0.0323
2015797,"Dear @115858, fix the issue of typing a capital i and getting an A with a box, never will I️ type that [URL]",Keyboard,1637840,0.5235,Dear @115858 please fix the “I’m” issue,Here’s what you can do to work around the issue until it’s fixed in a future software update: [URL],19,99,0.1111
155955,I gave 4500 turkish liras and my phone is not at all I am not satisfied.İt is frozen @AppleSupport,Phone Performance,2047967,0.2315,"Hey, your whole Turkish customer support division has stalled us for 4 months, please help to solve this mess!","We'd be happy to look this over with you. Please meet us in DM so we may gather information, and better assist. [URL]",23,117,0.0263
465503,"Hey @115858, my iMessages are not sending? :/ Little help?",Apps & Storage,2067585,0.3686,Anyone else have the iPhone 8+ and having soft static noises come out of their speaker? @115858 a little help here??,We'd love to take a look at that. Have you updated your iPhone to iOS 11.0.2? Let us know in DM and we'll get this sorted. [URL],27,128,0.0
362077,@115858 iOS 11 renders all voice memo files too soft to hear even at full volume. Crap!!!,Sound & Bluetooth,1816577,0.2565,"i have updated to iOS 11.0.3, siri don’t give me respond, siri can’t hear my voice ??? On my iPhone 6",We'd like to look into this. Send us a DM. [URL],11,48,0.037
2890790,- New MacBook crashes like crazy when using chrome. Total freeze and have to do manual reboot. Others seem to have same issue. Help! Brand new one!,Phone Performance,2432880,0.3809,i have an issue please help,We'll do our best to help. Provide us with some more details in DM and we'll go from there. [URL],20,97,0.075
2800562,"just got this phone two months ago and first the lock button stopped working, and now the home button!! Wtf never even dropped it @115858",Screen & Camera,953190,0.4606,hello. My home button stopped working since new update.. I have iPhone6. Any fix???,"Hey there. Check out the section ""What to do if a button or switch isn't working"" here: [URL]",18,93,0.0513
643900,"Assistive touch, background refresh are all off, low power mode is on. Battery still drains like crazy. Please fix next update",Battery,1631306,0.3756,could we please have an option to not auto lock our phones after 30s just because we are in low power mode many many thanks.,We can help get you to the right place to make your suggestion. Provide your feedback here: [URL],18,97,0.0
1215570,since updating my iPhone to IOS 11.03 anytime I mirror to Apple TV it times out after 5 mins?? Help #airplay,Apps & Storage,1636565,0.3204,why is airplay from my macbook air to apple tv 3 always buffering while casting to chromecast is flawless?,Let's see how we can help. Have you been successful in using AirPlay between these devices in the past?,19,103,0.0
2001720,"I'm sure things are hectic w/ the iPhone X launch, but @115858 really needs to do something about this predictive texting issue!",Keyboard,1683384,0.4091,@115858 really needs to fix this glitch with using the letter “I️”. 🧐,Here’s what you can do to work around the issue until it’s fixed in a future software update: [URL],19,99,0.0789
2070199,"Since I updated too IOS11 all my phone does is freeze, crash or shut down help..... @AppleSupport 😩😩",Phone Performance,1828540,0.3722,Since I’ve done this update all my phone does is freeze @115858 😡,"We'd like to see how we can help with your iPhone. To get started, DM us more information. We'll meet you there. [URL]",23,118,0.0
546702,"any way to not see my name whenever i open settings? like i know my own name lmao but now i cant open settings in public, i dont want ppl seeing my full name. i have to log in and out of itunes like 7 times a day now bc of this pls help",Other,2281138,0.2249,I can't log into my iTunes so I can't use my Apple Music :( [URL],We want to help you get to your music. Are you able to try under Wi-Fi?,16,71,0.0588
2025902,"Last but not least - @115858, what is going on with this autocorrect? Confused with iOS11, to say the least. [URL]",Keyboard,2001212,0.3561,I️ need people to talk to about the last Star episode to. Cause chile I️ have so much to say. [URL],Let's look into this together. Meet us in DM with your iOS version. Look for it here: Settings > General > About. [URL],23,119,0.0789
1684503,ii tried to turn my auto correct off but ii suck at texting without it 😫😫😫 @115858 fix this SHIT!!!!,Keyboard,1681553,0.4059,I️ shouldn’t have to turn off auto correct or type lowercase I️’s or whatever the fuck with MY phone I️ pay for. Fix this shit @115858,Here’s what you can do to work around the issue until it’s fixed in a future software update: [URL],19,99,0.027
332471,I am trying to purchase something on the app store but i kept receiving notifications saying my purchase is declined ?,Apple ID,1170169,0.3872,is your iPhone 6s supposed to turn on after receiving enough notifications?,We'd like to help! Could you please clarify what you mean when you say turn on?,16,79,0.0312
2918926,Is game center down? It's not recognizing my login!,Apple ID,2734407,0.6219,Game Center to ever return to iOS?,"Great question. While there is no longer a standalone app for Game Center, it remains possible to sign into Game Center from within the Settings app, and (depending on the app), you can track your Game Center stats in each compatible game.",42,239,0.0682
1742576,@115858 what’s up with this A ? When I️ type I️? It’s annoying please fix,Keyboard,1776348,0.6574,@115858 why can’t I️ type I️,Here’s what you can do to work around the issue until it’s fixed in a future software update: [URL],19,99,0.0625
2813871,MY APPS KEEP CRASHING AND IM NOT GETTIG NOTIFACATIONS STOP MAKING UPDATES THAT ONLY WORK FOR THE NEWEST PHONES,Phone Performance,1837250,0.3702,.@AppleSupport please stop making updates that fuck up my phone beyond all recognition,We'd be happy to take a look! Can you DM us more information about the behavior you're experiencing? [URL],19,106,0.027
8568,@115858 wtf y’all got going on with my emojis 😐 I’m seeing boxes and shit,Keyboard,2255324,0.5494,still seeing boxes [URL],"Got it. To clarify, you are still seeing those unexpected characters in other people’s posts, but not in your own tweets? Did we get that right? If so, those individuals will need to update their devices to address that behavior.",40,229,0.0417
2304938,why when there’s 5gb storage available and a kids game is 1.2gb. Does it keep telling me there’s not enough storage to download?!,Apps & Storage,2381422,0.4062,what is purgeable storage and how do I remove it and also my storage has been stuck on Calculating,"Hey, this article goes into more details about ""Purgeable"" storage: [URL] Regarding the storage calculating, how long has it been like that for? Let us know and we'll help you out.",31,180,0.0612
2295261,I haven’t had access to my iCloud email account in 2 weeks!! Help!! I already had 2 Apple Chat sessions 😭😭😭,Apple ID,1888736,0.4405,Can't get into my iCloud since this email kanti yini @AppleSupport [URL],"If you're having issues accessing your iCloud account, we'd like to get that resolved for sure. DM us & we'll continue there. [URL]",23,131,0.0513
1289773,tried to download plotagraph via apple store app for free but didn’t succeed. Now I can’t download it anymore. What to do?,Apps & Storage,1195189,0.3652,My app store says i have to pay to download music.ly 😶 @AppleSupport the app is free so why do i have to show my billing info?,"Great question. Information is still needed. If you can't select None, check out this article: [URL]",16,100,0.0
489648,So in order to get Mr. Robot on my Apple TV I had to search for Mr. Robot in the itunes store on my MB - purchase the episodes and now hopefully the Apple TV updates. I shouldn't have to be Mr. Robot to watch Mr. Robot. @115858,Apps & Storage,188453,0.3381,Nevermind @AppleSupport this Apple TV is trash,We'd like to get you over to our Apple TV team for assistance. Please follow the link to begin: [URL],20,101,0.1364
824068,is iCloud wiping photos and backups exceeding 5gbs after having downgraded from a paid tier normal?can't you just not add more,Apps & Storage,2787827,0.2365,@115858 I paid $750 for this phone can you stop ruining it,We'd like to assist you with this. Please join us in DM here and provide us with the software version that is currently running on your phone: [URL],28,148,0.0682
1792980,1GB of unused space and yet my camera app says storage is full... @AppleSupport [URL],Screen & Camera,1774482,0.2889,This. Why? @AppleSupport [URL],We'd like to help. DM us and we'll work from there. [URL],12,57,0.08
2096015,"I have 5s, voice call sound is not clear crackling and blurred And sometime WiFi is not connting easily after ios 11",Sound & Bluetooth,2594389,0.3407,after updating to iOS 11.1.2 on X I hear a crackling sound through speakers on phone & AirPods. No issue prior to iOS 11.1.2,Thanks! We have received your DM and will respond there.,10,56,0.0741
2309065,Has anyone else noticed since updating your #iOS that your alarm is sooo quiet?? I’m afraid I’m going to sleep through it even though my volume is all the way up! @115858 #applechat #iphone,Sound & Bluetooth,1828960,0.3015,"Is anyone else’s alarm so fricking quiet since updating their iPhone? I’m bloody late now, ta v much @115858 💀","Hey there, we'd be happy to see what we can do to help. DM us your current iOS version and we'll go from there. [URL]",25,117,0.0377
120683,"My Apple Watch is still not connecting to Wi-Fi. Did everything: forgetting & reconnecting iPhone Wi-Fi, shutting-off devices & Bluetooth, repairing... Wi-Fi network is 2,4Ghz and 11b/g/n. Called French @AppleSupport. They were so lost I decided to get another coffee ☕️. Help?",Sound & Bluetooth,152984,0.4375,sırf wi-fi ve bluetooth’a tıkladığımda kısayoldan kapanmıyor diye iphone’u samsung veya pixel 2 ile değiştirebilirim,We offer support via Twitter in English. Contact us for help in your preferred language here: [URL],17,99,0.0
2949626,imessage can't be activated after sign out and sign in...,Apps & Storage,508243,0.3731,how do you type a £ sign on a Norwegian keyboard?,We are here to help. Which device are you using the keyboard on? Send us a DM to continue. [URL],20,96,0.0
2484295,Thanks @AppleSupport for the new update. So glad I can’t connect to anything Bluetooth now!,Sound & Bluetooth,620213,0.3347,@115858 make it possible for multiple devices to connect to the bluetooth on ur phone,You can pair multiple Bluetooth devices to your iPhone. Here's how: [URL],12,73,0.08
358919,So my @AppleSupport MacBook has restarted 5 times and won’t actually turn on.. I just get this screen then it goes black [URL],Phone Performance,2309039,0.2583,My music app hasn't been opening. It just goes to a black screen when opened and then closes out. Can't even access settings. What's going on?,"We can find out what's going on together. What iOS are you using? Also, when did you first notice this? Let us know in a DM to get started. [URL]",30,145,0.04
2947032,"Hi, I can’t download new apps or update current ones after installing the latest update. Can you help, please? Apps are all stuck on loading/waiting and not downloading.",Apps & Storage,2438574,0.3034,@115858 when will you fix the issue that is preventing AppStore to download new apps until you restart the iPhone? 🤔🤔 ...,"We can help with that and would love to get you back to downloading new apps as expected. To clarify, are you having this issue on both Wi-Fi and cellular? Have you tested on multiple Wi-Fi networks? Also, is this impacting all app downloads or just some?",47,255,0.1579
61066,can you tell me why it keeps coming up my storage is nearly full no matter HOW MUCH or WHAT I delete? ☹️,Apps & Storage,1757727,0.3503,no matter what i delete it doesn’t free up as much space as it should and my storage is more full than it should be,We'd like to help. Which device are you using?,9,46,0.0323
1564047,Why is the letter “I” being replaced when used by itself with a capital A and a question mark?!?!?!? @AppleSupport,Keyboard,2558613,0.5474,Why every time I️ out I️ Issa question mark @AppleSupport,Thanks for reaching out. We know how important it is for your keyboard to respond as expected and we'll do everything we can to assist. Have you had a chance to update to iOS 11.1.1?,35,182,0.0667
400928,the new update is draining my battery!!! What is going on??,Battery,2046590,0.6958,The new update is draining my battery @AppleSupport,Let's work together and see what's going on with the battery of your iOS device. Send us a DM telling us which device you have. [URL],26,133,0.0606
1976015,"my iPhone 6 outside of the headphone jack got disformed, looks like an oval. Anyway to get this fixed?",Sound & Bluetooth,1173949,0.4666,if I take my MacBook to an Apple Store can y'all instal a flat headphone jack on my lab top somewhere?,We're here to help. Please DM us via the following link and we'll help you further. [URL],17,89,0.0588
1895409,All I want to do is sign into the @118721 store but it says my Apple ID hasn’t been used with the store before and won’t sign,Apple ID,1343626,0.2928,why is it not possible to enroll in the Upgrade Program? Says I have to go to the Apple Store!! 😡,Our Online Store team would love to look into this with you. Reach them here: [URL],16,83,0.1111
2002648,Yo @AppleSupport can’t even hold a 5 hr charge on iOS11 😡😡😡😡😡😡😡😡😡😡😡😡😡😡😡😡😡😡😡😡😡😡😡😡😡😡😡😡😡😡😡😡😡😡😡😡😡😡😡😡😡😡😡😡😡😡😡😡😡😡😡😡😡😡😡😡😡😡😡😡😡😡😡😡😡😡😡😡😡😡😡😡😡😡😡😡😡😡😡😡😡😡😡😡,Battery,2117289,0.3527,do you have a 24 hr number?,"Our Phone Support hours vary by region, we do have 24 hour Chat Support. You can reach them here: [URL]",20,103,0.0
2301965,Why Safari hangs every time while typing anything in search bar? Happening since 3-4 days. Totally frustrating.😡😡,Apps & Storage,1963921,0.3555,How do I return my clock to my iphone dock? I seem to have removed it somehow - can't drag it in from Search bar.,"We want to help with the Dock. Check out our article, and DM us if this persists: [URL] [URL]",19,93,0.0
1711357,iPhone 7 keeps freezing the apps keep crashing it’s been happening more frequently tonight I’ve updated the iOS 0 difference,Phone Performance,286405,0.3724,I'm on iOS 11.0.2 and my iPhone 7 keeps freezing!My apps don't work as they used to.I chose Apple specially for not freezing! @AppleSupport,We'd like to help with your iPhone! Would you please join us in DM and we can start troubleshooting? [URL],20,106,0.0
830035,iOS 11.0.3 is the biggest load of shite ever. I thought my battery was bad beforehand. 😧 @AppleSupport,Battery,1046151,0.3141,Finally updated to iOS 11 and this is the biggest fucking waste of screen whyyyyyyy I know it’s my inbox @115858 [URL],We value feedback and suggestions. Tell us more here: [URL],10,59,0.0
2960107,"my dearest new iPhone 8 Plus keeps crashing, blacks out and restarts about 20 times a day. Even after it has gone through the service center. Just refuses to budge!",Phone Performance,2863559,0.3106,my iPhone 6s Plus keeps crashing since new IOS. Tried re installing etc but no luck...,"That doesn't sound right. Let's partner up and get things working as expected again. When you say the iPhone crashes, is it restarting unexpectedly? Does this occur when using specific apps? Let's dig into this deeper over DM: [URL]",39,232,0.0645
987839,would be great if the iOS updates wouldn’t kill your battery life,Battery,1560063,0.3893,I have a 7 bruh there’s supposed to be a two iPhone gap before the “let’s slow down their phone and kill their battery life” stage kicks in.,We'd love to help with any issues you're seeing on your iPhone 7. Please let us know exactly what's going on.,21,109,0.0312
2775995,So I figured out why my phone dies so quickly after ios 11 update! Look at the bar for brightness move on its own without me even touching it i put my phone down on my desk... @AppleSupport how can i turn that off its killing my phone. [URL],Battery,2047331,0.2724,My phone dies with in 20 mins @AppleSupport,We'd like to gather some more information for better troubleshooting. Can you DM us the country you are located in? [URL],21,121,0.0714
557879,"videos in my camera roll show up blank and won't play, all my contacts got deleted, what are you doing to my phone",Apps & Storage,1996156,0.4228,@115858 can someone please explain why my camera roll videos are buffering? Bit dodge,"Hey, we want to learn more about what's going on with the videos. Send us a DM and we'll continue there. [URL]",22,110,0.0488
1850918,"One of my gaming apps is telling me I need to update it. When I go to App Store it only says “open app”, can’t update it.",Apps & Storage,1914187,0.362,I need help with the App Store,"Let's try to force close the App Store app, then try again: [URL] DM us if this doesn't take care of it. [URL]",23,110,0.1282
541114,Woken up to both my iPhone 6Plus and 8 running OS11 restarting itself every 60sec. Forced reboot or remove SIM doesn't work - phones won't stay on long enough to unlock and access settings. Help?,Phone Performance,1304268,0.2624,why isn’t my sound working on my iPhone 6plus??? It’s buggy...,We know how important it is to have your iPhone sound working. Is the sound not working when on a call or using other apps?,25,123,0.0769
1584572,When u literally delete every picture off ur phone and @115858 decides to still allow u to have no storage?! 😡😡 so annoyed right now,Apps & Storage,2442778,0.3373,hello can i ask a question? i want to delete every picture on my phone EXCEPT the ones in icloud how do i do this,"Great question! If you don't want iCloud photos to automatically sync, you can turn off iCloud Photo Library in Settings. To delete the photos on your iPhone only, follow these instructions: [URL]",32,196,0.0625
2345969,I forgot my password and I’m waiting for my new ID for over one week!!! I called many times but nothing!!! I’m very upset,Apple ID,1920432,0.5444,Forgot password for my itunes account. Spoke to Apple they said wait. Still waiting over a week later.,"Meet us in DM and let us know which country you are currently in, then we can dig in to this with you from there. [URL]",26,119,0.0238
1825412,how can I never sign into iCloud? I try to reset my password but still nothing works,Apple ID,961123,0.4017,why does it take so lone to reset a password. 30 hours and no word yet????,We value your privacy and security. We've got an article with more information about account recovery: [URL],17,108,0.0
2372169,Downloaded the new OS to my MacBook Air and now iCloud sign in doesn't work an either the MacBook Air or the Mac Desktop. Help?,Apple ID,1888932,0.386,@44875 make my MacBook Air @AppleSupport so slow. Is that normal?,"We'd be happy to take a look! To begin, feel free to DM us what macOS version you're on and we'll go from there: [URL]",25,118,0.0476
2347694,Anyone else’s iPhone 7 running like dog shit after #iOS 11.1.1 ? @AppleSupport,Phone Performance,235858,0.3404,iPhone keeps dying at 100%. I have an iPhone 6 and I’m running iOS 11.0.1,"Battery life is important, and we're here for you. Send us a DM, and we'll continue with you from there. [URL]",21,110,0.0
1075404,@115858 The ‚slide-up‘ shortcuts do not turn off my wifi & bluetooth anymore since the update #iphone6 #whywhywhy #w8stetime,Sound & Bluetooth,363400,0.4076,"@115858 whyyyyyyy does ios8 always turn my WiFi, Bluetooth and hotspot on omgggggg it’s so annoying","We're happy to help. To clarify, are you using iOS 8 on your device? If so, what is your model device?",21,102,0.0
522118,Safari is repeatedly crashing on MacOS High Sierra. All security patches installed. (Most recent patch looks like it came through twice.) Is there a way to resolve this?,Apps & Storage,2971628,0.2846,@137949 @AppleSupport I’ve updated to MacOS High Sierra now #sonos denied access to my music library - pls how do I resolve?,We'd be happy to look into this with you more in detail. Please reach out to us via DM and we'll get started. [URL],24,115,0.0204
2692852,@115858 yo my back camera fucked up I think y’all sent me a defective phone,Screen & Camera,1838250,0.4452,yo please my camera is acting messy,Can you tell us more about what's going on with your camera? We'd be happy to help out.,18,87,0.0
588114,Strange!! My phone having iOS 11.2 rebooting after every couple of minutes. Totally Unusable.,Phone Performance,1752404,0.4526,.... my phone is still having spasms 😩,We definitely want to take a closer look. Send us a DM to get started: [URL],16,76,0.0
1202855,how do I stop the music player being on the home screen when on stand by - it keeps stoping the music when phones in my pocket,Apps & Storage,1747438,0.5026,FIX SPOTIFY IN THE MUSIC PLAYER #mygod @115858,We are here to help. Send us DM letting us know more about what you are experiencing. [URL],18,91,0.0
2408612,I have an iPod that’s on disabled connect to iTunes mode and I can’t get the recovery mode to activate what should I do?,Apple ID,1015671,0.3941,"if my AppleID is in account recovery would it be why my phone is saying ""disabled-connect to iTunes?"" Or because I dropped it? [URL]",We've received your DM. Look for our reply there shortly and we'll help out.,14,76,0.0303
2572027,yoooo @115858 what’s this crap with the phones glitching twitching and acting very slow when I’m typing and etc ?!?!?! You gotta fix this asap no rocky,Phone Performance,854986,0.3105,Yoooo @115858 @AppleSupport when are y’all gonna fix this doggone “I” issue? Shit. 🤬,Here’s what you can do to work around the issue until it’s fixed in a future software update: [URL],19,99,0.0476
554747,"this is the worst bug ever, decided to not update before I go to bed cause I wanted to listen to some podcast (1 am still not affected), woke up to a respringing POS brick... if the charging damages my iPhone X will it be covered?",Phone Performance,1908840,0.2077,@115858 PLEASE GET YOUR SHIT TOGETHER WITH iOS 11! IF NOT LET YOUR USERS GO BACK TO 10. ABOUT TO FUCKING STOMP THIS POS BRICK INTO OBLIVION!!,Let's see if we can get to the bottom of this together. Connect with us in DM to get started. We'll do all we can to help. [URL],28,128,0.069
2284493,@115858 stop turning my bluetooth on every time my phone restarts.,Sound & Bluetooth,1880662,0.4009,"There is Lag while turning on / off bluetooth , please release a bugfix for this",We're happy to help with the Bluetooth on your iPhone 6s. Tell us in DM the iOS 11 version number on your iPhone. [URL],24,119,0.069
1376754,Is it only me or others are also facing #iPhone7 battery drain issue?? @AppleSupport @115858,Battery,2062018,0.4883,Ohhh since i update my Iphone 7 #ios1102... iphone became freezing and hang every hours & battery drain issue @AppleSupport,Thanks for those details. We will do everything we can to get things working as expected again. DM us to get started. [URL],23,123,0.0
680551,@115858 what on earth is going on with the new IOS update? iPhone 7+ battery now disappears twice as fast! Really not clever.,Battery,1906931,0.4097,what is going on with the new IOS update??? It’s horrible,"If you're having any issues with your device, we'd like to assist. Meet us in DM with information on your issue and we'll help. [URL]",25,133,0.0465
1674802,When is @115858 gonna fix the “I️” problem,Keyboard,15717,1.0,@115858 so y’all gonna fix this I️ problem or......,We want to help! DM us and let us know more about the issues you are having. [URL],18,82,0.0417
2450947,having problems with iphone switching off and the lock screen freezing and going blank and now it’s got worse since the update,Phone Performance,306963,0.4192,why does my iPhone 7 lock screen keep going blank?! I keep having to restart. #annoyed,We certainly want to help with that issue. Which version of iOS are you running on your iPhone currently?,19,105,0.0556
593529,Why my phone keep rebooting after this update?,Phone Performance,90756,0.8528,My phone’s rebooting every 2 mins,"Thanks for reaching out to us for support! Let's give the steps in this article a shot, they should resolve it for you: [URL] [URL]",25,131,0.0345
2193487,"@115858 recently updated my software n it’s messed my phone up can’t skip songs on Spotify or answer calls using my headphones plus various other problems, what’s happening #samsungmaybe👍🏻",Sound & Bluetooth,1888236,0.311,"updated, phone is slow, can’t answer calls, calls don’t display, hate it","You're in the right place for help! For the best support, let us know the iOS version number in a DM. [URL]",22,107,0.0
450403,"Hey @AppleSupport, I can't get the ""Add Image to Photos"" option in the right click menu to work in Safari on 10.13.1 anymore... This just started a couple days ago. Suspect a bug in Safari, but not sure. What do you suggest?",Apps & Storage,2819594,0.2759,"I keep getting a warningvirusalertcallapple on safari, and I cannot do anything on safari anymore!","We want to make sure that Safari is working properly for you. In order to do so, we need some information from you. What macOS is currently installed on your Mac? Have you done any troubleshooting steps on your own? We'll try to avoid repeating steps, where possible. [URL]",49,273,0.0972
2573960,why can’t I access any of my photos on my phone - telling me I can’t download them from iCloud Photo Library??,Apps & Storage,1647380,0.5574,My iCloud photo library has been stuck at 1% for the past 3 or so hours? [URL],It looks like this is a very large library of photos that's uploading. Have you been on the same Wi-Fi network the whole time?,24,126,0.0769
1947285,"fully charge iPod, remove from power source and the battery drops. iPod then just does this. [URL]",Battery,1995412,0.4305,Why does I️ do that !? [URL],Let’s work together on this behavior. Which device are you using? Which version of iOS do you have? Let us know via a DM. [URL],25,127,0.0256
2729122,I thought High Sierra’s has increased performance @AppleSupport ? It’s slower even on the simplest of tasks like screen grabs! Used to be instant before. Now have to wait about 2 minutes for it to appear on desktop. #design #graphicdesign,Phone Performance,118040,0.2254,The beach balling action with Finder in High Sierra is real ☹️ #dontdroptheball,"Hi there! Finder is such a great tool, let’s see what we can do to help it work smoother for you. Are you doing any particular function when this happens? Which macOS version are you using?  > About this Mac Also, have you restarted your Mac since noticing this?",50,263,0.0649
1442834,"Updated my phone to latest IOS, worst mistake I’ve made to date. phone running super slow & keeps crashing. #Avoid #Worst @AppleSupport",Phone Performance,1146719,0.3179,my phone keeps crashing .,"That's not what we'd like to hear, and want to help stop this from happening. Tell us more about what you're experiencing.",22,122,0.0256
1162005,"So basically the new annoyance w/ @115858 is instead of us being mad about the autocorrect of Ducking, we are super mad with I being I️ #ugh",Keyboard,1710717,0.3696,"@115858 A ⍰’m not mad, A ⍰’m just disappointed...",Here’s what you can do to work around the issue until it’s fixed in a future software update: [URL],19,99,0.0244
1646330,Mr. Robot is not working on Apple TV ITunes,Apps & Storage,188453,0.4176,Nevermind @AppleSupport this Apple TV is trash,We'd like to get you over to our Apple TV team for assistance. Please follow the link to begin: [URL],20,101,0.08
1148831,Getting this each time I enter my pin. Help? There is no way to get to the next screen either. [URL],Apple ID,2310380,0.4863,how do I get this box off my screen? [URL],Thanks for reaching out. Let's try some basic troubleshooting and restart the device. Let us know if that resolved the issue.,21,125,0.0256
798827,"Wow @115858, your own app won’t open due to “security.” An audio file created on the iPhone in the Voice Recorder app playing in Quicktime. [URL]",Sound & Bluetooth,2169769,0.3175,Stupid @115858 my text message app won’t open!,We can help! Send us a DM with your iPhone model and iOS version from Settings > General > About > Version to begin. [URL],25,122,0.0976
1142068,Get your shit together @115858 stop putting the media player up on the lock screen when music ISNT PLAYING. I DONT EVEN HAVE AN APP OPEN.,Other,1845565,0.3765,"hello, will there be a fix (or something easy I can do) to keep the media player controls from vanishing from the lock screen",Hi. We're happy to look into your issue. DM us the exact version of iOS you're running and we'll go from there. [URL],23,117,0.0435
236392,@115858 update keeps turning on my Bluetooth—why???,Sound & Bluetooth,1898425,0.5285,What is up with this new update it keeps turning off my internet by itself?? @AppleSupport,We'd be happy to look into this with you. Send us a DM with your current iOS version and we'll continue there. [URL],23,116,0.0
1019374,Please sort out the App Store!! I need to download the x factor app so I can vote and it’s not working!! @AppleSupport,Apps & Storage,1914187,0.4866,I need help with the App Store,"Let's try to force close the App Store app, then try again: [URL] DM us if this doesn't take care of it. [URL]",23,110,0.0789
2570941,"@115858 baby, what are you doing with these software updates? #ios1103 fried my rear camera and flashlight, and my battery life is trash 👎",Screen & Camera,2770839,0.3096,I’m so frustrated. My rear camera on my Iphone 6 Plus does not work any more! Is there a fix for this? @AppleSupport,We've received your DM and will meet you there.,9,47,0.069
848283,"Dear @AppleSupport, ever since I upgraded to #ios11 my battery drains overly quickly. Please sort this bug out asap. Many thanks",Battery,2981638,0.3682,you have to fix this landscape bug asap🙏,We'd love to help! Which version of iOS are you updated to? Could you tell us a bit about the trouble you're having?,23,116,0.0238
2506762,"how do I turn off this auto brightness stuff with iOS 11, it’s getting really annoying constantly adjusting it.",Screen & Camera,2922735,0.592,HOW DO YOU TURN OFF AUTO BRIGHTNESS,We're here to help. Go to Settings > General > Accessibility > Display Accommodations > Auto-Brightness.,16,104,0.0
716614,"Help new #ios makes my iPhone 6 stuck, slow and no working properly at all. Why oh why @115858!!!!",Phone Performance,2807579,0.3008,the new iOS makes my one year old iPad dreadfully non responsive.,You're in the right place for help with that. Is it not responding in certain apps or with the overall operating system? Which iPad do you have? Let us know in DM. [URL],33,169,0.0217
1398118,"any ideas what's wrong with my screen, folks? Showing green and purple.Happened randomly, no shock/heat/water exposure. [URL]",Screen & Camera,2864884,0.2359,that's never happened before.,"The security of your account is very important, and we're happy to help. Follow up with us in DM. We'll take a closer look with you there. [URL]",28,144,0.0732
1983490,"Is it me, or since I updated my @115858 iPhone and iPad OS the battery juice is running down a lot faster.... ??",Battery,2492380,0.2393,Updated my @115858 iPhone last night and noticing my battery is going down fast - a phone call of less than 5 minutes knocked off nearly 20% Is this right?,"We can help with battery life. Do you know what version of the iOS is on the device? If not, you can check under Settings > General > About > Version.",31,150,0.0667
2615338,"I can’t download (apps)on my iPhone coz of billing problems,I’am so upset that I can’t watch bts!i was charged unauthorized [URL]",Apple ID,953198,0.3103,hello. Not able to update or download apps. iPhone 7 ios 11.0.3 I live in uk,Have you tried on both Wi-Fi and cellular? Send us a DM and let us know. [URL],17,78,0.0303
174936,I don’t want to use your iCloud. I do I make it so you can’t keep reminding me to sign in. If it keeps happening I’ll just switch companies [URL],Apple ID,699590,0.3578,Why the fuck can’t @115858 get the keyboard together? Stop trying to make it to I.T. I don’t want to use I.T. I want to use it!,Let's have a look at this together. Can you please DM us? [URL],13,63,0.0541
2237383,"Today i got asked for my apple id password, i filled in the right one, then i had to change it WHY?",Apple ID,1470019,0.2995,Getting sick of entering my Apple ID password every few days & having to enter my CC security code every time I buy something,Thanks for reaching out. Please DM us which device is having the issue. We'll start there. [URL],17,96,0.0571
2029718,HEY @AppleSupport WHY CAN I️ USE THE LETTER I️?!?!?!?! WHY DOES THIS WEIRD SYMBOL POP UP 😡,Keyboard,1674774,0.4581,Hey @AppleSupport why is this symbol I️ popping up when I️ use the letter I️,Here’s what you can do to work around the issue until it’s fixed in a future software update: [URL],19,99,0.0606
1936730,"Ios 11 software included many errors. Now with 11.0.3, whatsapp messages has not received. @115858",Apps & Storage,2625352,0.2805,Hey @AppleSupport if you guys could sort your glitchy IOS 11.0.3 software out that would be great 👍🏻 and I could use my phone normally again,Reach out to us via DM and let us know what's going. We maybe able to help resolve your issue. [URL],21,100,0.0
592243,I have problem with the iCloud that didn’t pass all the contact to an iPhone X. Do you have any solution?,Apple ID,1906706,0.4449,Is there any problem with iCloud servers?,Currenlty all systems are good: [URL] Tell us the exact error message you get via DM and we can help: [URL],21,107,0.0833
2440882,"iMessage on two Macs, both running Sierra. One correctly identifies the name of contacts through the address book. The other only displays the name if the number begins with +447 … Locale set correctly. Signed in and out of iCloud. This is so frustrating. @AppleSupport",Apps & Storage,2987173,0.2501,Why is my phone unsaving contacts @AppleSupport ? 😕,We know how easy contacts make it to quickly call friends and family. Let's get to the bottom of this together. Are your contacts saved to the iCloud or other internet based account? Can you DM us what version of iOS you are running? [URL],45,239,0.0845
2595487,The new iPhone update is making the Bluetooth in my car glitch. @115858 gimme my coins,Sound & Bluetooth,2014401,0.3574,can y’all fix this glitch 🤬 @115858,Thanks for reaching out. We have a workaround for this here: [URL] DM us if you still need help. [URL],20,102,0.0
271878,@115858 My battery life is draining after the 11 update. Any fixes for that?,Battery,2427240,0.5397,@115858 I’m still patiently waiting for an update that fixes this —> I️,"An update has been released to assist with this issue. If you haven’t yet, please back up your device and update it to iOS 11.1.1. For more info, check out: [URL]",31,162,0.0238
1882488,My iphone7s microphone doesn’t work. when i make calls or video calls no one can hear me. i’ve tried everything.,Sound & Bluetooth,332497,0.4703,fix this new update please I hear static when I make calls 😑,We want your iPhone working for you; we'll do all we can to help. What model of iPhone and IOS version do you have?,24,115,0.0256
2050211,"@115858 last update doesnt work. Didnt experience any crackling sound, but now I do. #apple #iPhone6 #iOS11.0.2",Sound & Bluetooth,40453,0.3364,My iPhone speaker doesnt work after ios 11.1 update,That's definitely not expected behavior. Let's figure this out. Is this happening with all sounds? Have you restarted?,18,118,0.0
2734107,"My battery is draining very fast on my iPhone 6... just getting 2-2.5 hours of screen on time,,, this is not accepted🤦🏻‍♂️🤷🏻‍♂️",Battery,34622,0.3461,@115858 After iOS11 the battery is draining very fast. Request you to look into it.,We'd like to help. Could you Direct Message us and tell us what iOS version you're on currently? [URL],19,102,0.0278
1781114,My iPhone won’t back up & states I don’t have enough storage? I have deleted everything from the cloud. @115858 fix this I’m tired,Apps & Storage,1406842,0.2533,Someone tell me why I delete shit from my phone and still don't have storage? What the fuck @AppleSupport,"Meet us in DM and let us know which device this is on, then we can take a look in to this from there. [URL]",25,107,0.0476
1795851,"reset my Apple Watch and it updated but won't pair to my phone, it's stuck on the software up to date and no way to continue @AppleSupport",Sound & Bluetooth,2121128,0.3328,This won’t stop popping out... but my software is up to date 😥 [URL],Thanks for reaching out. DM the country or region where you are currently located to get started. [URL],18,103,0.0513
1138016,@118721 @AppleSupport @115858 Can someone please tell me. Why i got charged for 1600 for itunes,Apple ID,258941,0.4475,Arrrggghhh ... @118721 @AppleSupport why can’t I use #iTunes !!!,We're here to help. Would you please tell us which Apple device are you using?,15,78,0.0741
2293093,what is with this freaking keyboard in recent update. I’m so sick of correcting numbers sneaking into my words I’m now willing to look at other products,Keyboard,1584659,0.2736,there’s some weird issue with the letter “i” in the most recent update [URL],"Hey there! Let's try the steps in this article: [URL] If they don't help, DM us. [URL]",17,86,0.05
1559956,"@116333 hi,I am Apple user since 2007. Yesterday morning I got defected screen on iPhone X from Etisalat UAE at the Dubai Mall.",Screen & Camera,585905,0.2602,@115858 @116333 Hi Apps are getting un Stall automatically,We'd love to help you with this. Let's go into Settings > General > iPhone Storage. Is Offload Unused Apps enabled? Let us know in DM and we'll get started. [URL],31,162,0.0192
2977685,SUPPORT ME!!! WHY DID MY BACK CAMERA DECIDE TO BREAK AND TURN MY SCREEN BLACK WHEN TRYING TO TAKE A PICTURE MID USE???????!!,Screen & Camera,1141630,0.2332,"apple I need help! my macbook wont turn on (screen), what do do",Help is here. Have you tried the steps found here? [URL] Let us know and we'll go from there.,19,93,0.0256
2031239,My @115858 laptop won't let me access the @65062 webiste. Anyone else having this issue? Says it's not secure. I just want to renew,Apps & Storage,2020917,0.2351,@115858 Why are we having this issue with using “I” and it showing up as a ?,Here’s what you can do to work around the issue until it’s fixed in a future software update: [URL] [URL],20,105,0.0488
990420,there is a bug in iOS 11 when we take person on con call screen gets stuck #Iphone6 @115858,Phone Performance,1531064,0.3339,iPhone 6s Plus gets stuck landscape mode while Holden it straight gets annoying when working,"We understand how you feel. We can help. Tell us, what iOS version you are using. Find it in Settings > General > About.",24,120,0.0811
1395690,Yo @115858 used your headphone transfer cable twice and it’s already broken...#bringbacktheheadphonejack,Sound & Bluetooth,2756107,0.341,Yo @115858 why’d you ship me beats that are already broken???,Let’s get you pointed in the right direction. Our @159983 team will take it from here.,16,86,0.0
2890643,"Iphone 6 user who recently updated software to 11.1.2. Troubled by unexpected freezing of phone, blank screen and unresponsivness of applications.",Phone Performance,2341809,0.2835,#imessage blank screen? Delivered? @AppleSupport #iOS111 [URL],We'll gladly assist in any way we can. Does this persist after quitting the Messages app and relaunching or after rebooting the device? What device are you using and what iOS version is it running?,35,197,0.02
1339696,after recent update my volume up button doesn’t work,Sound & Bluetooth,243138,0.4399,Just did recent update now my text replacement doesn’t work. What gives?,Let's see if we can get those working again. What type of device do you have? Which version did you just update?,22,112,0.0
