conversation_id,customer_message,actual_intent,predicted_intent,intent_is_correct,generated_reply,reply_word_count,reply_char_count,jaccard_similarity
427841,"Hi I'm using ios 11.0.2 on iPhone 6, keyboard doesn't fill screen when device rotated on landscape? Please solve this...",Keyboard,Screen & Camera,False,"Thanks for reaching out. For screen or camera issues, please restart your device, clean the display/lens, and verify your display settings under Settings > Display & Brightness.",27,177,0.05
1434156,can other people see my iCloud profile pic when I send them e-mail?,Apple ID,Apple ID,True,"Thanks for reaching out regarding your account. For Apple ID and password assistance, please visit appleid.apple.com to verify your account security settings or initiate recovery.",25,179,0.0
2477569,"Another issue with my iOS11 iPhone…plug it in to charge overnight, wake up and it hasn’t charged. @AppleSupport",Battery,Sound & Bluetooth,False,"We're here to help with your audio and connectivity concerns. Please try toggling Bluetooth off and on, unpairing and repairing your accessory, or restarting your device.",26,170,0.0833
2749359,Hey @115858 - you know this OS update is freezing phones momentarily... we know u know,Phone Performance,Phone Performance,True,"We'd like to help with your device performance. Please try restarting your device, closing unused background applications, and ensuring you have sufficient available storage.",24,174,0.0278
110967,any chance keyboard lag on the iPhone will be fixed soon? I upgraded my 6s+ to 11.1.2 and it's still sluggish 😭,Keyboard,Keyboard,True,"Thanks for contacting Apple Support. If you are experiencing keyboard or typing issues, please check Settings > General > Keyboard and try resetting your keyboard dictionary.",26,174,0.0465
1759675,hey I recently disabled my Apple ID and I would like to re enable it,Apple ID,Apple ID,True,"Thanks for reaching out regarding your account. For Apple ID and password assistance, please visit appleid.apple.com to verify your account security settings or initiate recovery.",25,179,0.1212
1848614,I just updated iPhone 11.0 iOS it is jumpy it’s not typing any words correctly is anyone having this experience @115858 #iphone7 😡,Keyboard,Phone Performance,False,"We'd like to help with your device performance. Please try restarting your device, closing unused background applications, and ensuring you have sufficient available storage.",24,174,0.0
2305170,.@115858 please fix this glitch I️m,Keyboard,Keyboard,True,"Thanks for contacting Apple Support. If you are experiencing keyboard or typing issues, please check Settings > General > Keyboard and try resetting your keyboard dictionary.",26,174,0.0357
1162142,why can’t I use a vpn on safari after the most recent update? I have 2 take it off to use it????,Apps & Storage,Apps & Storage,True,"Thanks for contacting us. For app or storage issues, please check Settings > General > iPhone Storage, make sure your apps are updated in the App Store, and restart your device.",31,177,0.0217
2306245,"my iphone 8 keeps freezing on the home screen thinking im pressing the message icon, every time i have to reset it Any ideas? [URL]",Phone Performance,Phone Performance,True,"We'd like to help with your device performance. Please try restarting your device, closing unused background applications, and ensuring you have sufficient available storage.",24,174,0.0444
2282224,@115858 @applesupport my #iphonex is literally freezing faster than me in the cold and why the hell does it always look like there‘s water inside my screen while unlocking? [URL],Screen & Camera,Screen & Camera,True,"Thanks for reaching out. For screen or camera issues, please restart your device, clean the display/lens, and verify your display settings under Settings > Display & Brightness.",27,177,0.0625
553641,'Mo Updates 'Mo Problems. My phone just got stuck in landscape. Thanks 11.2,Screen & Camera,Sound & Bluetooth,False,"We're here to help with your audio and connectivity concerns. Please try toggling Bluetooth off and on, unpairing and repairing your accessory, or restarting your device.",26,170,0.0
2283100,"I have all the current updates on my phone, and my phone glitching and freezing. @115858 @AppleSupport I’d like to be on my phone for more than 5 minuets w/o having to lock and unlock... it even turn off and on agin. This didn’t happen UNTIL iOS11.1🙄🤔😒",Phone Performance,Phone Performance,True,"We'd like to help with your device performance. Please try restarting your device, closing unused background applications, and ensuring you have sufficient available storage.",24,174,0.0702
873673,It took me to long to notice Apple screwed us how do I charge my phone and use my headphones without air buds?@115858,Sound & Bluetooth,Sound & Bluetooth,True,"We're here to help with your audio and connectivity concerns. Please try toggling Bluetooth off and on, unpairing and repairing your accessory, or restarting your device.",26,170,0.0488
1536288,iTunes is the worst for restoring iPhone. Ruins an otherwise simple and delightful @115858 upgrade experience. Has broken all my devices.,Apps & Storage,Apps & Storage,True,"Thanks for contacting us. For app or storage issues, please check Settings > General > iPhone Storage, make sure your apps are updated in the App Store, and restart your device.",31,177,0.0667
1747366,@115858 and @AppleSupport - PLEASE fix the “I️” [?] autocorrect glitch.,Keyboard,Keyboard,True,"Thanks for contacting Apple Support. If you are experiencing keyboard or typing issues, please check Settings > General > Keyboard and try resetting your keyboard dictionary.",26,174,0.0625
2798459,Ok I️ try and keep my bool about @115858 updating our phones but why the fuck can’t we type the letter I WITH OUT SEEING “?”,Keyboard,Keyboard,True,"Thanks for contacting Apple Support. If you are experiencing keyboard or typing issues, please check Settings > General > Keyboard and try resetting your keyboard dictionary.",26,174,0.0435
2872578,my battery doesn’t last more than 2 hours with the new update... You need to listen to the consumers.,Battery,Battery,True,"Thanks for reaching out. For battery performance issues, please check Settings > Battery to review app battery usage, ensure your device is running the latest iOS update, and consider enabling Low Power Mode.",33,208,0.0682
2199248,@115948 @115858 so y'all sent ANOTHER update...I complete the update and now my entire iTunes library is gone.... How Sway?! whyyy sway,Apps & Storage,Apps & Storage,True,"Thanks for contacting us. For app or storage issues, please check Settings > General > iPhone Storage, make sure your apps are updated in the App Store, and restart your device.",31,177,0.0426
2466453,just purchased a MacBook Pro with AppleCare. Want to import password keychain and notes only. Can you help?,Apple ID,Apple ID,True,"Thanks for reaching out regarding your account. For Apple ID and password assistance, please visit appleid.apple.com to verify your account security settings or initiate recovery.",25,179,0.0789
561748,"The last week my iPhone goes from 70% battery to 1% in less than 30mins even when I havnt touched the phone😡 i have it on battery saver even tried air plane Mode, it’s so annoying! @AppleSupport why is this happening it’s so frustrating",Battery,Battery,True,"Thanks for reaching out. For battery performance issues, please check Settings > Battery to review app battery usage, ensure your device is running the latest iOS update, and consider enabling Low Power Mode.",33,208,0.0625
1028445,my phone died and now ive plugged it in and its comepletly blackscreen and it wont even show the charging symbol HELP @AppleSupport,Battery,Sound & Bluetooth,False,"We're here to help with your audio and connectivity concerns. Please try toggling Bluetooth off and on, unpairing and repairing your accessory, or restarting your device.",26,170,0.05
2300181,It’s so freaking slowwww and crash everytime on safari geezzzz high sierra is shit @AppleSupport [URL],Phone Performance,Apps & Storage,False,"Thanks for contacting us. For app or storage issues, please check Settings > General > iPhone Storage, make sure your apps are updated in the App Store, and restart your device.",31,177,0.0238
2953754,"@115858 just got new headphones with the iPhone 8 and they started making a weird noise but I kept them in anyway. They just POPPED in my ear and now my ear hurts, what are you going to do about this?",Sound & Bluetooth,Sound & Bluetooth,True,"We're here to help with your audio and connectivity concerns. Please try toggling Bluetooth off and on, unpairing and repairing your accessory, or restarting your device.",26,170,0.0556
559019,my iphone7+ keeps crashing like every few minutes ??? What do I do,Phone Performance,Phone Performance,True,"We'd like to help with your device performance. Please try restarting your device, closing unused background applications, and ensuring you have sufficient available storage.",24,174,0.0294
1448091,Why the heck does my autocorrect keep wanting to change a capital I to an A with a ? box?? Had to turn it off completely [URL],Keyboard,Keyboard,True,"Thanks for contacting Apple Support. If you are experiencing keyboard or typing issues, please check Settings > General > Keyboard and try resetting your keyboard dictionary.",26,174,0.0
811638,"Hi trying to download a game on to my phone but keeps telling payment failed, can't sign in to itunes too",Apple ID,Apps & Storage,False,"Thanks for contacting us. For app or storage issues, please check Settings > General > iPhone Storage, make sure your apps are updated in the App Store, and restart your device.",31,177,0.0222
2300649,@115858 fix iOS 11 ASAP please. I’m about to switch to a damn Note 8 just so I can type the letter I and so my phone is ACTUALLY water proof. You’re slipping.,Keyboard,Keyboard,True,"Thanks for contacting Apple Support. If you are experiencing keyboard or typing issues, please check Settings > General > Keyboard and try resetting your keyboard dictionary.",26,174,0.0192
1752177,my phone crashes 10 times a day but i'm afraid if i update it the problem will get worse @AppleSupport i'm looking @ u,Phone Performance,Phone Performance,True,"We'd like to help with your device performance. Please try restarting your device, closing unused background applications, and ensuring you have sufficient available storage.",24,174,0.0
394572,"Hey @115858, how the f*uck do I turn of this terrible new (dis)connect wifi and bluetooth feauture?! Damn, how it sucks!!",Sound & Bluetooth,Sound & Bluetooth,True,"We're here to help with your audio and connectivity concerns. Please try toggling Bluetooth off and on, unpairing and repairing your accessory, or restarting your device.",26,170,0.05
306112,"Hi, my mother got an iPhone 6s this year in March 2017. The charging wire of her phone has started cracking. (1/2) @AppleSupport",Battery,Battery,True,"Thanks for reaching out. For battery performance issues, please check Settings > Battery to review app battery usage, ensure your device is running the latest iOS update, and consider enabling Low Power Mode.",33,208,0.0192
310240,@115858 WHY DOES FACETIME NEVER WORK?!,Apps & Storage,Sound & Bluetooth,False,"We're here to help with your audio and connectivity concerns. Please try toggling Bluetooth off and on, unpairing and repairing your accessory, or restarting your device.",26,170,0.0
1644557,when I tap on @ I get ? I have to go to keyboard numeric to use @ symbol. Example: ?AppleSupport.,Keyboard,Keyboard,True,"Thanks for contacting Apple Support. If you are experiencing keyboard or typing issues, please check Settings > General > Keyboard and try resetting your keyboard dictionary.",26,174,0.0263
1999665,"got a new phone. 8+, restoring from iCloud and it’s asking me for passwords to 2 unknown Apple ids. It won’t go away!!!",Apple ID,Apple ID,True,"Thanks for reaching out regarding your account. For Apple ID and password assistance, please visit appleid.apple.com to verify your account security settings or initiate recovery.",25,179,0.0952
1061434,"can you tell me why my charger isn’t working?! I’ve only had it a year, so inconvenient",Battery,Apps & Storage,False,"Thanks for contacting us. For app or storage issues, please check Settings > General > iPhone Storage, make sure your apps are updated in the App Store, and restart your device.",31,177,0.0
2465717,So apparently @AppleSupport has forced iCloud on my phone and has been backing up information I thought I had been deleting! If I want your,Apple ID,Apple ID,True,"Thanks for reaching out regarding your account. For Apple ID and password assistance, please visit appleid.apple.com to verify your account security settings or initiate recovery.",25,179,0.0476
1540005,can you please tell me why the iPhone screens keep freezing,Phone Performance,Phone Performance,True,"We'd like to help with your device performance. Please try restarting your device, closing unused background applications, and ensuring you have sufficient available storage.",24,174,0.0625
2064248,updated 11.0.2 and now my phone is freezing up and screen rotation sticking in landscape mode!!!!,Screen & Camera,Phone Performance,False,"We'd like to help with your device performance. Please try restarting your device, closing unused background applications, and ensuring you have sufficient available storage.",24,174,0.027
2544028,if you don’t put all my memes and pictures of my favorite people back in my phone we’re gonna have a problem,Apps & Storage,Phone Performance,False,"We'd like to help with your device performance. Please try restarting your device, closing unused background applications, and ensuring you have sufficient available storage.",24,174,0.075
1933920,My @797 keeps skipping screens and freezing. It won't let me type. @115858 this is crazy,Screen & Camera,Phone Performance,False,"We'd like to help with your device performance. Please try restarting your device, closing unused background applications, and ensuring you have sufficient available storage.",24,174,0.0263
87013,"I took this screenshot a second ago. My phone thinks it’s 9am. Or maybe I time traveled… Go home iPhone, you’re drunk… [URL]",Other,Phone Performance,False,"We'd like to help with your device performance. Please try restarting your device, closing unused background applications, and ensuring you have sufficient available storage.",24,174,0.0
2471924,My iPhone 7+ keeps becoming unresponsive continuously and I can’t hard reset holding home button & lock. IOS up to date #Help,Phone Performance,Phone Performance,True,"We'd like to help with your device performance. Please try restarting your device, closing unused background applications, and ensuring you have sufficient available storage.",24,174,0.0465
1023599,"my phone crashed & the 2 options were to restore it to factory settings or to update it, updating would mean the photos & notes dont get deleted yet everything of 1 year is GONE now.. photos, notes, EVERYTHING. it went to factory setting automatically. i hate @115858 @AppleSupport",Phone Performance,Screen & Camera,False,"Thanks for reaching out. For screen or camera issues, please restart your device, clean the display/lens, and verify your display settings under Settings > Display & Brightness.",27,177,0.0656
1095929,HALP. my phone won’t stop screen recording. Even after turning it off.,Screen & Camera,Screen & Camera,True,"Thanks for reaching out. For screen or camera issues, please restart your device, clean the display/lens, and verify your display settings under Settings > Display & Brightness.",27,177,0.0294
325941,after updating. My wifi and bluetooth are not functioning properly. Wifi works for a minute or two then it disconnects. [URL],Sound & Bluetooth,Sound & Bluetooth,True,"We're here to help with your audio and connectivity concerns. Please try toggling Bluetooth off and on, unpairing and repairing your accessory, or restarting your device.",26,170,0.0769
1772897,- why these boxes still showing up on my phone after I️ updated my it ? 👀 @AppleSupport,Keyboard,Phone Performance,False,"We'd like to help with your device performance. Please try restarting your device, closing unused background applications, and ensuring you have sufficient available storage.",24,174,0.0
1136049,ever since I updated my phone my battery has been dying quickly. Can you help?,Battery,Battery,True,"Thanks for reaching out. For battery performance issues, please check Settings > Battery to review app battery usage, ensure your device is running the latest iOS update, and consider enabling Low Power Mode.",33,208,0.0233
1700794,• Can’t fund where ringtones are in iTunes now. Can you point me to where they are?,Apps & Storage,Apps & Storage,True,"Thanks for contacting us. For app or storage issues, please check Settings > General > iPhone Storage, make sure your apps are updated in the App Store, and restart your device.",31,177,0.0488
2020667,Can y’all give us an update on this stupid question mark crap that y’all are incapable of fixing? But I should pay $900 @115858 I️,Keyboard,Keyboard,True,"Thanks for contacting Apple Support. If you are experiencing keyboard or typing issues, please check Settings > General > Keyboard and try resetting your keyboard dictionary.",26,174,0.0217
1599229,Anyone else having #iOS111 issues? My wifi keeps disconnecting. @AppleSupport #ios11 #apple,Other,Phone Performance,False,"We'd like to help with your device performance. Please try restarting your device, closing unused background applications, and ensuring you have sufficient available storage.",24,174,0.0
2432815,Tried to update my phone & now its stuck on the plug into iTunes screen and won’t connect to any computer🙃 thanks @AppleSupport. Now i gotta send it to Apple to get fixed.,Apps & Storage,Apps & Storage,True,"Thanks for contacting us. For app or storage issues, please check Settings > General > iPhone Storage, make sure your apps are updated in the App Store, and restart your device.",31,177,0.0566
2059463,my iPhone 6 used to work perfectly before iOS 11 update. And now the battery dies like never before. #Problem,Battery,Battery,True,"Thanks for reaching out. For battery performance issues, please check Settings > Battery to review app battery usage, ensure your device is running the latest iOS update, and consider enabling Low Power Mode.",33,208,0.1111
114459,A recent upgrade to iOS 11.1.2 has made my phone so so slow . I hate it. It’s so laggy now @AppleSupport,Phone Performance,Phone Performance,True,"We'd like to help with your device performance. Please try restarting your device, closing unused background applications, and ensuring you have sufficient available storage.",24,174,0.0238
199425,5s woke me up at midnight flashing and playing an alarm at max volume. Now it appears to be working. @115858 ?,Sound & Bluetooth,Sound & Bluetooth,True,"We're here to help with your audio and connectivity concerns. Please try toggling Bluetooth off and on, unpairing and repairing your accessory, or restarting your device.",26,170,0.0488
2284498,LMFAO I JUST BOUGHT THE IPHONE X AND THE SCREEN WENT BLACK AND NOW IT WONT TURN ON @AppleSupport @115858,Screen & Camera,Screen & Camera,True,"Thanks for reaching out. For screen or camera issues, please restart your device, clean the display/lens, and verify your display settings under Settings > Display & Brightness.",27,177,0.0789
2558616,stop automatically putting my wifi & bluetooth on @115858,Sound & Bluetooth,Sound & Bluetooth,True,"We're here to help with your audio and connectivity concerns. Please try toggling Bluetooth off and on, unpairing and repairing your accessory, or restarting your device.",26,170,0.0333
954030,"Ever since the last update, my battery has been running down pretty fast! Sometimes within minutes, it's out. Please advise.",Battery,Battery,True,"Thanks for reaching out. For battery performance issues, please check Settings > Battery to review app battery usage, ensure your device is running the latest iOS update, and consider enabling Low Power Mode.",33,208,0.1364
2911763,Hey @115858 thanks to your stupid updates my iPhone 7 which is less than a year old won’t stop freezing and glitching,Phone Performance,Sound & Bluetooth,False,"We're here to help with your audio and connectivity concerns. Please try toggling Bluetooth off and on, unpairing and repairing your accessory, or restarting your device.",26,170,0.0732
1642353,"@115858 Data lost, suddenly shutdown, jumping screen after updating 7+ to iOS 11.0.3. What’s wrong?",Phone Performance,Screen & Camera,False,"Thanks for reaching out. For screen or camera issues, please restart your device, clean the display/lens, and verify your display settings under Settings > Display & Brightness.",27,177,0.027
1727715,"@118845 Hey bought Beats X and they connect to my macbook perfectly but not my s8+, shows up on bluetooth but wont connect. Please help",Sound & Bluetooth,Sound & Bluetooth,True,"We're here to help with your audio and connectivity concerns. Please try toggling Bluetooth off and on, unpairing and repairing your accessory, or restarting your device.",26,170,0.125
2888487,how is my phone broken and won’t charge unless it’s a certain way ... how do i fix this @115858,Battery,Sound & Bluetooth,False,"We're here to help with your audio and connectivity concerns. Please try toggling Bluetooth off and on, unpairing and repairing your accessory, or restarting your device.",26,170,0.025
2064119,"The new @118134 IOS game is awesome! If the new @115858 IOS update didn’t destroy my battery, I wouldn’t stop playing it.",Battery,Battery,True,"Thanks for reaching out. For battery performance issues, please check Settings > Battery to review app battery usage, ensure your device is running the latest iOS update, and consider enabling Low Power Mode.",33,208,0.0652
236803,noticed some Airpods connection problems while listening to music. Sometimes they just disconnect without any reasons.#iOS11?,Sound & Bluetooth,Sound & Bluetooth,True,"We're here to help with your audio and connectivity concerns. Please try toggling Bluetooth off and on, unpairing and repairing your accessory, or restarting your device.",26,170,0.027
2279570,haven't been able to use AppStore all day! Help! 😓,Apps & Storage,Apps & Storage,True,"Thanks for contacting us. For app or storage issues, please check Settings > General > iPhone Storage, make sure your apps are updated in the App Store, and restart your device.",31,177,0.0
1078295,WHY DOES MY MUSIC PAUSE EVERY TIME I GET A NEW SNAPCHAT? #ios11update @115858,Sound & Bluetooth,Sound & Bluetooth,True,"We're here to help with your audio and connectivity concerns. Please try toggling Bluetooth off and on, unpairing and repairing your accessory, or restarting your device.",26,170,0.0
1305203,"How the hell am I getting charged by @118721 ? I dont even have an account ugh, just ugh. More reasons to hate @115858",Apple ID,Apps & Storage,False,"Thanks for contacting us. For app or storage issues, please check Settings > General > iPhone Storage, make sure your apps are updated in the App Store, and restart your device.",31,177,0.0204
1997778,Hey @AppleSupport what’s going on with this autocorrect for a capital I? [URL],Keyboard,Keyboard,True,"Thanks for contacting Apple Support. If you are experiencing keyboard or typing issues, please check Settings > General > Keyboard and try resetting your keyboard dictionary.",26,174,0.0286
1434192,Is there a way to rebalance volume? I have mine set all the way down to 1/4 bar and it's still kind of too loud :/,Sound & Bluetooth,Sound & Bluetooth,True,"We're here to help with your audio and connectivity concerns. Please try toggling Bluetooth off and on, unpairing and repairing your accessory, or restarting your device.",26,170,0.0455
498652,my iPhone5 screen gets unresponsive in plane & also becomes hot. Happening since last 6 months in every journey (12-15 journeys) [URL],Screen & Camera,Screen & Camera,True,"Thanks for reaching out. For screen or camera issues, please restart your device, clean the display/lens, and verify your display settings under Settings > Display & Brightness.",27,177,0.0476
1180116,okay what the fuck is up with iphone needing to “load” your camera roll/photos.. there should be no loading??? it never used to happen before idk if it came with the new ios but I am NOT here for it. @AppleSupport,Apps & Storage,Screen & Camera,False,"Thanks for reaching out. For screen or camera issues, please restart your device, clean the display/lens, and verify your display settings under Settings > Display & Brightness.",27,177,0.0714
2702135,Phone been unusable allllll day on this spin wheel shit. It finally come back on and now I’m locked out my own iCloud for 24 hours due to @115858 phones being pieces of shit. Guess who ain’t got nobody number? 😔,Phone Performance,Apple ID,False,"Thanks for reaching out regarding your account. For Apple ID and password assistance, please visit appleid.apple.com to verify your account security settings or initiate recovery.",25,179,0.069
1736100,"When driving mode is on and I receive a call, I can’t turn volume up or down from my Apple headphones.",Sound & Bluetooth,Sound & Bluetooth,True,"We're here to help with your audio and connectivity concerns. Please try toggling Bluetooth off and on, unpairing and repairing your accessory, or restarting your device.",26,170,0.05
2013717,@115858 @AppleSupport please fix the “i” glitch in the newest update thank you,Keyboard,Keyboard,True,"Thanks for contacting Apple Support. If you are experiencing keyboard or typing issues, please check Settings > General > Keyboard and try resetting your keyboard dictionary.",26,174,0.0606
395629,"@115858 ever since I updated my phone to ios11, I can’t stream videos. Bummer",Apps & Storage,Phone Performance,False,"We'd like to help with your device performance. Please try restarting your device, closing unused background applications, and ensuring you have sufficient available storage.",24,174,0.0286
2743065,How come i have to keep turning my Bluetooth off... shouldn’t it just stay off once ive done it? @115858,Sound & Bluetooth,Sound & Bluetooth,True,"We're here to help with your audio and connectivity concerns. Please try toggling Bluetooth off and on, unpairing and repairing your accessory, or restarting your device.",26,170,0.0769
1053648,wtf?? i delete all the photos last week and this morning there was only 300 on my camera roll what the hell @AppleSupport ? [URL],Apps & Storage,Screen & Camera,False,"Thanks for reaching out. For screen or camera issues, please restart your device, clean the display/lens, and verify your display settings under Settings > Display & Brightness.",27,177,0.0682
2052582,Who is responsible for this fresh new aggravation since the iOS 11 update? @115858 @115725? No internet yet I have LTE?? #iphone [URL],Other,Phone Performance,False,"We'd like to help with your device performance. Please try restarting your device, closing unused background applications, and ensuring you have sufficient available storage.",24,174,0.0222
1632365,@115858 wtf happened to autocorrect? It capitalizes random shit and changed “view” to “Brie” like fuck,Keyboard,Keyboard,True,"Thanks for contacting Apple Support. If you are experiencing keyboard or typing issues, please check Settings > General > Keyboard and try resetting your keyboard dictionary.",26,174,0.027
2493887,"after trying to update my phone, my iphone won’t stop freezing so now i can’t watch youtube, netflix nor can i shapchat. galaxy note8 here i come!",Phone Performance,Phone Performance,True,"We'd like to help with your device performance. Please try restarting your device, closing unused background applications, and ensuring you have sufficient available storage.",24,174,0.0217
1478397,Fix these damn question mark boxes! EYE would like to be able to type the letter EYE again @AppleSupport,Keyboard,Keyboard,True,"Thanks for contacting Apple Support. If you are experiencing keyboard or typing issues, please check Settings > General > Keyboard and try resetting your keyboard dictionary.",26,174,0.0
1881556,fixed my screen LAST WEEK. shit cracked today. AND I HAVE A CASE. AND A SCREEN PROTECTOR @AppleSupport I want to make a return,Screen & Camera,Screen & Camera,True,"Thanks for reaching out. For screen or camera issues, please restart your device, clean the display/lens, and verify your display settings under Settings > Display & Brightness.",27,177,0.05
1455396,@115858 fix this problem with typing I️ and sending these damn lines.... messing my work emails all up 🤯🤬🤯🤬,Keyboard,Keyboard,True,"Thanks for contacting Apple Support. If you are experiencing keyboard or typing issues, please check Settings > General > Keyboard and try resetting your keyboard dictionary.",26,174,0.05
2015587,since the latest phone upgrade I randomly lose the time/date on my locked home screen and have to restart. What gives?,Phone Performance,Screen & Camera,False,"Thanks for reaching out. For screen or camera issues, please restart your device, clean the display/lens, and verify your display settings under Settings > Display & Brightness.",27,177,0.075
1458780,"Hey @AppleSupport, you really need to get this glitch with the “I️” figured out. Keeps sending a weird “A” with a question mark in a box...",Keyboard,Keyboard,True,"Thanks for contacting Apple Support. If you are experiencing keyboard or typing issues, please check Settings > General > Keyboard and try resetting your keyboard dictionary.",26,174,0.0222
1906549,iPhone 7 Headphone connection is flawed. It constantly pauses what I am listening to if the chord gets moved very slightly.,Sound & Bluetooth,Sound & Bluetooth,True,"We're here to help with your audio and connectivity concerns. Please try toggling Bluetooth off and on, unpairing and repairing your accessory, or restarting your device.",26,170,0.0238
975824,since updating to iOS 11.0.2 my iPhone 6 Plus won’t stop freezing and crashing. Please fix this issue. It’s unbearable! #ios11,Phone Performance,Phone Performance,True,"We'd like to help with your device performance. Please try restarting your device, closing unused background applications, and ensuring you have sufficient available storage.",24,174,0.0732
1524123,Hey @AppleSupport! How to deactivate live mode in the camera? There’s nothing in settings on ios 11.1...,Screen & Camera,Screen & Camera,True,"Thanks for reaching out. For screen or camera issues, please restart your device, clean the display/lens, and verify your display settings under Settings > Display & Brightness.",27,177,0.0541
1036548,"Why do all folders on iCloud Drive appear in iOS, but only some appear on macOS? (Chunky Comic Reader, and Sketchbook) [URL]",Apps & Storage,Apps & Storage,True,"Thanks for contacting us. For app or storage issues, please check Settings > General > iPhone Storage, make sure your apps are updated in the App Store, and restart your device.",31,177,0.0444
1773171,So much for @115858's iPhone 7 Plus being waterproof...dropped three droplets of water on it and now the keyboard isn't working. 😒 @AppleSupport,Keyboard,Keyboard,True,"Thanks for contacting Apple Support. If you are experiencing keyboard or typing issues, please check Settings > General > Keyboard and try resetting your keyboard dictionary.",26,174,0.0698
1814499,@115858 I can never catch a 🤬 break with y’all! I just bought a new headphone adapter listened to a whole song & now it not being recognized,Sound & Bluetooth,Sound & Bluetooth,True,"We're here to help with your audio and connectivity concerns. Please try toggling Bluetooth off and on, unpairing and repairing your accessory, or restarting your device.",26,170,0.0444
1233616,@115858 fix ios11 cause my phone freezing since updating,Phone Performance,Phone Performance,True,"We'd like to help with your device performance. Please try restarting your device, closing unused background applications, and ensuring you have sufficient available storage.",24,174,0.0
1940919,Could anyone good at computers tell me why this iCloud Drive folder acts like this? Literally can’t open it 😫 running 10.13 17A405 [URL],Apps & Storage,Apps & Storage,True,"Thanks for contacting us. For app or storage issues, please check Settings > General > iPhone Storage, make sure your apps are updated in the App Store, and restart your device.",31,177,0.0
2825492,Why is my battery going down so fucking fast @115858 [URL],Battery,Battery,True,"Thanks for reaching out. For battery performance issues, please check Settings > Battery to review app battery usage, ensure your device is running the latest iOS update, and consider enabling Low Power Mode.",33,208,0.0513
2019598,@115858 my brand new #iPhoneX has a nasty bleed through problem. For only 1k+ you can get 3/4 of an awesome screen! Genius here I come.,Screen & Camera,Sound & Bluetooth,False,"We're here to help with your audio and connectivity concerns. Please try toggling Bluetooth off and on, unpairing and repairing your accessory, or restarting your device.",26,170,0.0213
2352175,Downloaded and paid for @118062 #repuatation - however it’s not playing in my @AppleSupport #applemusic #itunes,Apps & Storage,Apps & Storage,True,"Thanks for contacting us. For app or storage issues, please check Settings > General > iPhone Storage, make sure your apps are updated in the App Store, and restart your device.",31,177,0.075
1526937,Hello @AppleSupport why is this weird code/question mark happening in my messages and apps?,Keyboard,Keyboard,True,"Thanks for contacting Apple Support. If you are experiencing keyboard or typing issues, please check Settings > General > Keyboard and try resetting your keyboard dictionary.",26,174,0.0278
1028442,"@115858 @116333 @AppleSupport What’re u guys doing 2 my iPhone?It’s overheating,battery draining to a point,beyond annoying.#FixMyiPhone",Battery,Battery,True,"Thanks for reaching out. For battery performance issues, please check Settings > Battery to review app battery usage, ensure your device is running the latest iOS update, and consider enabling Low Power Mode.",33,208,0.0222
2364557,"For some reason I have to charge the remote on my 4K Apple TV like every week, or more often. This isn’t normal is it? @AppleSupport",Battery,Apple ID,False,"Thanks for reaching out regarding your account. For Apple ID and password assistance, please visit appleid.apple.com to verify your account security settings or initiate recovery.",25,179,0.0889
2549918,to update my FREE apps I have to have money on my account... why do you even need a card on file in the first place. Sketchy af @115858 🙄🙃😅😒🙄,Apple ID,Apps & Storage,False,"Thanks for contacting us. For app or storage issues, please check Settings > General > iPhone Storage, make sure your apps are updated in the App Store, and restart your device.",31,177,0.06
2304018,WTF!! @115858 @AppleSupport @2531 this update is BULLSHIT my battery is fkn fried I literally unplug it and it drops to 70% FIX THIS SHIT! #iphone #iosfail #ios1111 #iphonefail,Battery,Battery,True,"Thanks for reaching out. For battery performance issues, please check Settings > Battery to review app battery usage, ensure your device is running the latest iOS update, and consider enabling Low Power Mode.",33,208,0.0769
2565755,"hi. I'm having problems because I changed of country, and my App Store doesn't let me download new local apps. Each time I change my account settings, the system asks me a new change to the other country.",Apps & Storage,Apps & Storage,True,"Thanks for contacting us. For app or storage issues, please check Settings > General > iPhone Storage, make sure your apps are updated in the App Store, and restart your device.",31,177,0.0536
2004245,"plz help, “system” taking more than half of my phone’s storage [URL]",Apps & Storage,Apps & Storage,True,"Thanks for contacting us. For app or storage issues, please check Settings > General > iPhone Storage, make sure your apps are updated in the App Store, and restart your device.",31,177,0.0263
1650175,Bruh @115858 fix our mf phones & get these question mark boxes outta here,Keyboard,Keyboard,True,"Thanks for contacting Apple Support. If you are experiencing keyboard or typing issues, please check Settings > General > Keyboard and try resetting your keyboard dictionary.",26,174,0.0
1881571,my ipad's speaker damaged. Reason is unknown. Apple service centre refused to repair it. My favourite device....m really sad 😔 [URL],Sound & Bluetooth,Sound & Bluetooth,True,"We're here to help with your audio and connectivity concerns. Please try toggling Bluetooth off and on, unpairing and repairing your accessory, or restarting your device.",26,170,0.0244
862762,experienced an error -21 06f when doing an internet recovery of my Mac. Now I have this screen. Please help. [URL],Phone Performance,Screen & Camera,False,"Thanks for reaching out. For screen or camera issues, please restart your device, clean the display/lens, and verify your display settings under Settings > Display & Brightness.",27,177,0.0238
1919561,My iPhone 6 keeps on dying! Is my battery dead or is my charger faulty??? @AppleSupport @115858,Battery,Battery,True,"Thanks for reaching out. For battery performance issues, please check Settings > Battery to review app battery usage, ensure your device is running the latest iOS update, and consider enabling Low Power Mode.",33,208,0.0476
1133548,@115858 iOS 11.1 iPhone 6s weird spilt screen during calls. Any fix? [URL],Screen & Camera,Screen & Camera,True,"Thanks for reaching out. For screen or camera issues, please restart your device, clean the display/lens, and verify your display settings under Settings > Display & Brightness.",27,177,0.0286
2015797,"Dear @115858, fix the issue of typing a capital i and getting an A with a box, never will I️ type that [URL]",Keyboard,Keyboard,True,"Thanks for contacting Apple Support. If you are experiencing keyboard or typing issues, please check Settings > General > Keyboard and try resetting your keyboard dictionary.",26,174,0.0476
155955,I gave 4500 turkish liras and my phone is not at all I am not satisfied.İt is frozen @AppleSupport,Phone Performance,Phone Performance,True,"We'd like to help with your device performance. Please try restarting your device, closing unused background applications, and ensuring you have sufficient available storage.",24,174,0.0263
465503,"Hey @115858, my iMessages are not sending? :/ Little help?",Apps & Storage,Sound & Bluetooth,False,"We're here to help with your audio and connectivity concerns. Please try toggling Bluetooth off and on, unpairing and repairing your accessory, or restarting your device.",26,170,0.0
362077,@115858 iOS 11 renders all voice memo files too soft to hear even at full volume. Crap!!!,Sound & Bluetooth,Sound & Bluetooth,True,"We're here to help with your audio and connectivity concerns. Please try toggling Bluetooth off and on, unpairing and repairing your accessory, or restarting your device.",26,170,0.0263
2890790,- New MacBook crashes like crazy when using chrome. Total freeze and have to do manual reboot. Others seem to have same issue. Help! Brand new one!,Phone Performance,Sound & Bluetooth,False,"We're here to help with your audio and connectivity concerns. Please try toggling Bluetooth off and on, unpairing and repairing your accessory, or restarting your device.",26,170,0.0455
2800562,"just got this phone two months ago and first the lock button stopped working, and now the home button!! Wtf never even dropped it @115858",Screen & Camera,Sound & Bluetooth,False,"We're here to help with your audio and connectivity concerns. Please try toggling Bluetooth off and on, unpairing and repairing your accessory, or restarting your device.",26,170,0.0227
643900,"Assistive touch, background refresh are all off, low power mode is on. Battery still drains like crazy. Please fix next update",Battery,Battery,True,"Thanks for reaching out. For battery performance issues, please check Settings > Battery to review app battery usage, ensure your device is running the latest iOS update, and consider enabling Low Power Mode.",33,208,0.1087
1215570,since updating my iPhone to IOS 11.03 anytime I mirror to Apple TV it times out after 5 mins?? Help #airplay,Apps & Storage,Sound & Bluetooth,False,"We're here to help with your audio and connectivity concerns. Please try toggling Bluetooth off and on, unpairing and repairing your accessory, or restarting your device.",26,170,0.05
2001720,"I'm sure things are hectic w/ the iPhone X launch, but @115858 really needs to do something about this predictive texting issue!",Keyboard,Keyboard,True,"Thanks for contacting Apple Support. If you are experiencing keyboard or typing issues, please check Settings > General > Keyboard and try resetting your keyboard dictionary.",26,174,0.0227
2070199,"Since I updated too IOS11 all my phone does is freeze, crash or shut down help..... @AppleSupport 😩😩",Phone Performance,Phone Performance,True,"We'd like to help with your device performance. Please try restarting your device, closing unused background applications, and ensuring you have sufficient available storage.",24,174,0.0
546702,"any way to not see my name whenever i open settings? like i know my own name lmao but now i cant open settings in public, i dont want ppl seeing my full name. i have to log in and out of itunes like 7 times a day now bc of this pls help",Other,Apps & Storage,False,"Thanks for contacting us. For app or storage issues, please check Settings > General > iPhone Storage, make sure your apps are updated in the App Store, and restart your device.",31,177,0.0462
2025902,"Last but not least - @115858, what is going on with this autocorrect? Confused with iOS11, to say the least. [URL]",Keyboard,Keyboard,True,"Thanks for contacting Apple Support. If you are experiencing keyboard or typing issues, please check Settings > General > Keyboard and try resetting your keyboard dictionary.",26,174,0.0
1684503,ii tried to turn my auto correct off but ii suck at texting without it 😫😫😫 @115858 fix this SHIT!!!!,Keyboard,Keyboard,True,"Thanks for contacting Apple Support. If you are experiencing keyboard or typing issues, please check Settings > General > Keyboard and try resetting your keyboard dictionary.",26,174,0.0
332471,I am trying to purchase something on the app store but i kept receiving notifications saying my purchase is declined ?,Apple ID,Apps & Storage,False,"Thanks for contacting us. For app or storage issues, please check Settings > General > iPhone Storage, make sure your apps are updated in the App Store, and restart your device.",31,177,0.0455
2918926,Is game center down? It's not recognizing my login!,Apple ID,Sound & Bluetooth,False,"We're here to help with your audio and connectivity concerns. Please try toggling Bluetooth off and on, unpairing and repairing your accessory, or restarting your device.",26,170,0.0
1742576,@115858 what’s up with this A ? When I️ type I️? It’s annoying please fix,Keyboard,Keyboard,True,"Thanks for contacting Apple Support. If you are experiencing keyboard or typing issues, please check Settings > General > Keyboard and try resetting your keyboard dictionary.",26,174,0.027
2813871,MY APPS KEEP CRASHING AND IM NOT GETTIG NOTIFACATIONS STOP MAKING UPDATES THAT ONLY WORK FOR THE NEWEST PHONES,Phone Performance,Phone Performance,True,"We'd like to help with your device performance. Please try restarting your device, closing unused background applications, and ensuring you have sufficient available storage.",24,174,0.0244
8568,@115858 wtf y’all got going on with my emojis 😐 I’m seeing boxes and shit,Keyboard,Keyboard,True,"Thanks for contacting Apple Support. If you are experiencing keyboard or typing issues, please check Settings > General > Keyboard and try resetting your keyboard dictionary.",26,174,0.027
2304938,why when there’s 5gb storage available and a kids game is 1.2gb. Does it keep telling me there’s not enough storage to download?!,Apps & Storage,Apps & Storage,True,"Thanks for contacting us. For app or storage issues, please check Settings > General > iPhone Storage, make sure your apps are updated in the App Store, and restart your device.",31,177,0.0435
2295261,I haven’t had access to my iCloud email account in 2 weeks!! Help!! I already had 2 Apple Chat sessions 😭😭😭,Apple ID,Apple ID,True,"Thanks for reaching out regarding your account. For Apple ID and password assistance, please visit appleid.apple.com to verify your account security settings or initiate recovery.",25,179,0.0789
1289773,tried to download plotagraph via apple store app for free but didn’t succeed. Now I can’t download it anymore. What to do?,Apps & Storage,Apps & Storage,True,"Thanks for contacting us. For app or storage issues, please check Settings > General > iPhone Storage, make sure your apps are updated in the App Store, and restart your device.",31,177,0.0444
489648,So in order to get Mr. Robot on my Apple TV I had to search for Mr. Robot in the itunes store on my MB - purchase the episodes and now hopefully the Apple TV updates. I shouldn't have to be Mr. Robot to watch Mr. Robot. @115858,Apps & Storage,Apps & Storage,True,"Thanks for contacting us. For app or storage issues, please check Settings > General > iPhone Storage, make sure your apps are updated in the App Store, and restart your device.",31,177,0.0727
824068,is iCloud wiping photos and backups exceeding 5gbs after having downgraded from a paid tier normal?can't you just not add more,Apps & Storage,Apps & Storage,True,"Thanks for contacting us. For app or storage issues, please check Settings > General > iPhone Storage, make sure your apps are updated in the App Store, and restart your device.",31,177,0.0213
1792980,1GB of unused space and yet my camera app says storage is full... @AppleSupport [URL],Screen & Camera,Screen & Camera,True,"Thanks for reaching out. For screen or camera issues, please restart your device, clean the display/lens, and verify your display settings under Settings > Display & Brightness.",27,177,0.0556
2096015,"I have 5s, voice call sound is not clear crackling and blurred And sometime WiFi is not connting easily after ios 11",Sound & Bluetooth,Sound & Bluetooth,True,"We're here to help with your audio and connectivity concerns. Please try toggling Bluetooth off and on, unpairing and repairing your accessory, or restarting your device.",26,170,0.025
2309065,Has anyone else noticed since updating your #iOS that your alarm is sooo quiet?? I’m afraid I’m going to sleep through it even though my volume is all the way up! @115858 #applechat #iphone,Sound & Bluetooth,Phone Performance,False,"We'd like to help with your device performance. Please try restarting your device, closing unused background applications, and ensuring you have sufficient available storage.",24,174,0.0385
120683,"My Apple Watch is still not connecting to Wi-Fi. Did everything: forgetting & reconnecting iPhone Wi-Fi, shutting-off devices & Bluetooth, repairing... Wi-Fi network is 2,4Ghz and 11b/g/n. Called French @AppleSupport. They were so lost I decided to get another coffee ☕️. Help?",Sound & Bluetooth,Sound & Bluetooth,True,"We're here to help with your audio and connectivity concerns. Please try toggling Bluetooth off and on, unpairing and repairing your accessory, or restarting your device.",26,170,0.0339
2949626,imessage can't be activated after sign out and sign in...,Apps & Storage,Apps & Storage,True,"Thanks for contacting us. For app or storage issues, please check Settings > General > iPhone Storage, make sure your apps are updated in the App Store, and restart your device.",31,177,0.0286
2484295,Thanks @AppleSupport for the new update. So glad I can’t connect to anything Bluetooth now!,Sound & Bluetooth,Sound & Bluetooth,True,"We're here to help with your audio and connectivity concerns. Please try toggling Bluetooth off and on, unpairing and repairing your accessory, or restarting your device.",26,170,0.0571
358919,So my @AppleSupport MacBook has restarted 5 times and won’t actually turn on.. I just get this screen then it goes black [URL],Phone Performance,Screen & Camera,False,"Thanks for reaching out. For screen or camera issues, please restart your device, clean the display/lens, and verify your display settings under Settings > Display & Brightness.",27,177,0.0455
2947032,"Hi, I can’t download new apps or update current ones after installing the latest update. Can you help, please? Apps are all stuck on loading/waiting and not downloading.",Apps & Storage,Apps & Storage,True,"Thanks for contacting us. For app or storage issues, please check Settings > General > iPhone Storage, make sure your apps are updated in the App Store, and restart your device.",31,177,0.102
61066,can you tell me why it keeps coming up my storage is nearly full no matter HOW MUCH or WHAT I delete? ☹️,Apps & Storage,Apps & Storage,True,"Thanks for contacting us. For app or storage issues, please check Settings > General > iPhone Storage, make sure your apps are updated in the App Store, and restart your device.",31,177,0.0417
1564047,Why is the letter “I” being replaced when used by itself with a capital A and a question mark?!?!?!? @AppleSupport,Keyboard,Keyboard,True,"Thanks for contacting Apple Support. If you are experiencing keyboard or typing issues, please check Settings > General > Keyboard and try resetting your keyboard dictionary.",26,174,0.025
400928,the new update is draining my battery!!! What is going on??,Battery,Battery,True,"Thanks for reaching out. For battery performance issues, please check Settings > Battery to review app battery usage, ensure your device is running the latest iOS update, and consider enabling Low Power Mode.",33,208,0.0526
1976015,"my iPhone 6 outside of the headphone jack got disformed, looks like an oval. Anyway to get this fixed?",Sound & Bluetooth,Sound & Bluetooth,True,"We're here to help with your audio and connectivity concerns. Please try toggling Bluetooth off and on, unpairing and repairing your accessory, or restarting your device.",26,170,0.025
1895409,All I want to do is sign into the @118721 store but it says my Apple ID hasn’t been used with the store before and won’t sign,Apple ID,Apple ID,True,"Thanks for reaching out regarding your account. For Apple ID and password assistance, please visit appleid.apple.com to verify your account security settings or initiate recovery.",25,179,0.093
2002648,Yo @AppleSupport can’t even hold a 5 hr charge on iOS11 😡😡😡😡😡😡😡😡😡😡😡😡😡😡😡😡😡😡😡😡😡😡😡😡😡😡😡😡😡😡😡😡😡😡😡😡😡😡😡😡😡😡😡😡😡😡😡😡😡😡😡😡😡😡😡😡😡😡😡😡😡😡😡😡😡😡😡😡😡😡😡😡😡😡😡😡😡😡😡😡😡😡😡😡,Battery,Sound & Bluetooth,False,"We're here to help with your audio and connectivity concerns. Please try toggling Bluetooth off and on, unpairing and repairing your accessory, or restarting your device.",26,170,0.0
2301965,Why Safari hangs every time while typing anything in search bar? Happening since 3-4 days. Totally frustrating.😡😡,Apps & Storage,Keyboard,False,"Thanks for contacting Apple Support. If you are experiencing keyboard or typing issues, please check Settings > General > Keyboard and try resetting your keyboard dictionary.",26,174,0.0256
1711357,iPhone 7 keeps freezing the apps keep crashing it’s been happening more frequently tonight I’ve updated the iOS 0 difference,Phone Performance,Phone Performance,True,"We'd like to help with your device performance. Please try restarting your device, closing unused background applications, and ensuring you have sufficient available storage.",24,174,0.0
830035,iOS 11.0.3 is the biggest load of shite ever. I thought my battery was bad beforehand. 😧 @AppleSupport,Battery,Battery,True,"Thanks for reaching out. For battery performance issues, please check Settings > Battery to review app battery usage, ensure your device is running the latest iOS update, and consider enabling Low Power Mode.",33,208,0.0909
2960107,"my dearest new iPhone 8 Plus keeps crashing, blacks out and restarts about 20 times a day. Even after it has gone through the service center. Just refuses to budge!",Phone Performance,Phone Performance,True,"We'd like to help with your device performance. Please try restarting your device, closing unused background applications, and ensuring you have sufficient available storage.",24,174,0.0392
987839,would be great if the iOS updates wouldn’t kill your battery life,Battery,Battery,True,"Thanks for reaching out. For battery performance issues, please check Settings > Battery to review app battery usage, ensure your device is running the latest iOS update, and consider enabling Low Power Mode.",33,208,0.1053
2775995,So I figured out why my phone dies so quickly after ios 11 update! Look at the bar for brightness move on its own without me even touching it i put my phone down on my desk... @AppleSupport how can i turn that off its killing my phone. [URL],Battery,Phone Performance,False,"We'd like to help with your device performance. Please try restarting your device, closing unused background applications, and ensuring you have sufficient available storage.",24,174,0.0
557879,"videos in my camera roll show up blank and won't play, all my contacts got deleted, what are you doing to my phone",Apps & Storage,Screen & Camera,False,"Thanks for reaching out. For screen or camera issues, please restart your device, clean the display/lens, and verify your display settings under Settings > Display & Brightness.",27,177,0.0476
1850918,"One of my gaming apps is telling me I need to update it. When I go to App Store it only says “open app”, can’t update it.",Apps & Storage,Apps & Storage,True,"Thanks for contacting us. For app or storage issues, please check Settings > General > iPhone Storage, make sure your apps are updated in the App Store, and restart your device.",31,177,0.0417
541114,Woken up to both my iPhone 6Plus and 8 running OS11 restarting itself every 60sec. Forced reboot or remove SIM doesn't work - phones won't stay on long enough to unlock and access settings. Help?,Phone Performance,Sound & Bluetooth,False,"We're here to help with your audio and connectivity concerns. Please try toggling Bluetooth off and on, unpairing and repairing your accessory, or restarting your device.",26,170,0.0784
1584572,When u literally delete every picture off ur phone and @115858 decides to still allow u to have no storage?! 😡😡 so annoyed right now,Apps & Storage,Sound & Bluetooth,False,"We're here to help with your audio and connectivity concerns. Please try toggling Bluetooth off and on, unpairing and repairing your accessory, or restarting your device.",26,170,0.0714
2345969,I forgot my password and I’m waiting for my new ID for over one week!!! I called many times but nothing!!! I’m very upset,Apple ID,Apple ID,True,"Thanks for reaching out regarding your account. For Apple ID and password assistance, please visit appleid.apple.com to verify your account security settings or initiate recovery.",25,179,0.1026
1825412,how can I never sign into iCloud? I try to reset my password but still nothing works,Apple ID,Apple ID,True,"Thanks for reaching out regarding your account. For Apple ID and password assistance, please visit appleid.apple.com to verify your account security settings or initiate recovery.",25,179,0.0541
2372169,Downloaded the new OS to my MacBook Air and now iCloud sign in doesn't work an either the MacBook Air or the Mac Desktop. Help?,Apple ID,Apps & Storage,False,"Thanks for contacting us. For app or storage issues, please check Settings > General > iPhone Storage, make sure your apps are updated in the App Store, and restart your device.",31,177,0.0909
2347694,Anyone else’s iPhone 7 running like dog shit after #iOS 11.1.1 ? @AppleSupport,Phone Performance,Phone Performance,True,"We'd like to help with your device performance. Please try restarting your device, closing unused background applications, and ensuring you have sufficient available storage.",24,174,0.0286
1075404,@115858 The ‚slide-up‘ shortcuts do not turn off my wifi & bluetooth anymore since the update #iphone6 #whywhywhy #w8stetime,Sound & Bluetooth,Sound & Bluetooth,True,"We're here to help with your audio and connectivity concerns. Please try toggling Bluetooth off and on, unpairing and repairing your accessory, or restarting your device.",26,170,0.0526
522118,Safari is repeatedly crashing on MacOS High Sierra. All security patches installed. (Most recent patch looks like it came through twice.) Is there a way to resolve this?,Apps & Storage,Apps & Storage,True,"Thanks for contacting us. For app or storage issues, please check Settings > General > iPhone Storage, make sure your apps are updated in the App Store, and restart your device.",31,177,0.0
2692852,@115858 yo my back camera fucked up I think y’all sent me a defective phone,Screen & Camera,Screen & Camera,True,"Thanks for reaching out. For screen or camera issues, please restart your device, clean the display/lens, and verify your display settings under Settings > Display & Brightness.",27,177,0.027
588114,Strange!! My phone having iOS 11.2 rebooting after every couple of minutes. Totally Unusable.,Phone Performance,Phone Performance,True,"We'd like to help with your device performance. Please try restarting your device, closing unused background applications, and ensuring you have sufficient available storage.",24,174,0.0
1202855,how do I stop the music player being on the home screen when on stand by - it keeps stoping the music when phones in my pocket,Apps & Storage,Screen & Camera,False,"Thanks for reaching out. For screen or camera issues, please restart your device, clean the display/lens, and verify your display settings under Settings > Display & Brightness.",27,177,0.0465
2408612,I have an iPod that’s on disabled connect to iTunes mode and I can’t get the recovery mode to activate what should I do?,Apple ID,Apps & Storage,False,"Thanks for contacting us. For app or storage issues, please check Settings > General > iPhone Storage, make sure your apps are updated in the App Store, and restart your device.",31,177,0.0444
2572027,yoooo @115858 what’s this crap with the phones glitching twitching and acting very slow when I’m typing and etc ?!?!?! You gotta fix this asap no rocky,Phone Performance,Keyboard,False,"Thanks for contacting Apple Support. If you are experiencing keyboard or typing issues, please check Settings > General > Keyboard and try resetting your keyboard dictionary.",26,174,0.0667
554747,"this is the worst bug ever, decided to not update before I go to bed cause I wanted to listen to some podcast (1 am still not affected), woke up to a respringing POS brick... if the charging damages my iPhone X will it be covered?",Phone Performance,Battery,False,"Thanks for reaching out. For battery performance issues, please check Settings > Battery to review app battery usage, ensure your device is running the latest iOS update, and consider enabling Low Power Mode.",33,208,0.0455
2284493,@115858 stop turning my bluetooth on every time my phone restarts.,Sound & Bluetooth,Sound & Bluetooth,True,"We're here to help with your audio and connectivity concerns. Please try toggling Bluetooth off and on, unpairing and repairing your accessory, or restarting your device.",26,170,0.0323
1376754,Is it only me or others are also facing #iPhone7 battery drain issue?? @AppleSupport @115858,Battery,Battery,True,"Thanks for reaching out. For battery performance issues, please check Settings > Battery to review app battery usage, ensure your device is running the latest iOS update, and consider enabling Low Power Mode.",33,208,0.0465
680551,@115858 what on earth is going on with the new IOS update? iPhone 7+ battery now disappears twice as fast! Really not clever.,Battery,Battery,True,"Thanks for reaching out. For battery performance issues, please check Settings > Battery to review app battery usage, ensure your device is running the latest iOS update, and consider enabling Low Power Mode.",33,208,0.0833
1674802,When is @115858 gonna fix the “I️” problem,Keyboard,Keyboard,True,"Thanks for contacting Apple Support. If you are experiencing keyboard or typing issues, please check Settings > General > Keyboard and try resetting your keyboard dictionary.",26,174,0.0
2450947,having problems with iphone switching off and the lock screen freezing and going blank and now it’s got worse since the update,Phone Performance,Screen & Camera,False,"Thanks for reaching out. For screen or camera issues, please restart your device, clean the display/lens, and verify your display settings under Settings > Display & Brightness.",27,177,0.0769
593529,Why my phone keep rebooting after this update?,Phone Performance,Phone Performance,True,"We'd like to help with your device performance. Please try restarting your device, closing unused background applications, and ensuring you have sufficient available storage.",24,174,0.0
2193487,"@115858 recently updated my software n it’s messed my phone up can’t skip songs on Spotify or answer calls using my headphones plus various other problems, what’s happening #samsungmaybe👍🏻",Sound & Bluetooth,Sound & Bluetooth,True,"We're here to help with your audio and connectivity concerns. Please try toggling Bluetooth off and on, unpairing and repairing your accessory, or restarting your device.",26,170,0.0208
450403,"Hey @AppleSupport, I can't get the ""Add Image to Photos"" option in the right click menu to work in Safari on 10.13.1 anymore... This just started a couple days ago. Suspect a bug in Safari, but not sure. What do you suggest?",Apps & Storage,Apps & Storage,True,"Thanks for contacting us. For app or storage issues, please check Settings > General > iPhone Storage, make sure your apps are updated in the App Store, and restart your device.",31,177,0.0323
2573960,why can’t I access any of my photos on my phone - telling me I can’t download them from iCloud Photo Library??,Apps & Storage,Apps & Storage,True,"Thanks for contacting us. For app or storage issues, please check Settings > General > iPhone Storage, make sure your apps are updated in the App Store, and restart your device.",31,177,0.0
1947285,"fully charge iPod, remove from power source and the battery drops. iPod then just does this. [URL]",Battery,Battery,True,"Thanks for reaching out. For battery performance issues, please check Settings > Battery to review app battery usage, ensure your device is running the latest iOS update, and consider enabling Low Power Mode.",33,208,0.093
2729122,I thought High Sierra’s has increased performance @AppleSupport ? It’s slower even on the simplest of tasks like screen grabs! Used to be instant before. Now have to wait about 2 minutes for it to appear on desktop. #design #graphicdesign,Phone Performance,Screen & Camera,False,"Thanks for reaching out. For screen or camera issues, please restart your device, clean the display/lens, and verify your display settings under Settings > Display & Brightness.",27,177,0.0526
1442834,"Updated my phone to latest IOS, worst mistake I’ve made to date. phone running super slow & keeps crashing. #Avoid #Worst @AppleSupport",Phone Performance,Phone Performance,True,"We'd like to help with your device performance. Please try restarting your device, closing unused background applications, and ensuring you have sufficient available storage.",24,174,0.0238
1162005,"So basically the new annoyance w/ @115858 is instead of us being mad about the autocorrect of Ducking, we are super mad with I being I️ #ugh",Keyboard,Keyboard,True,"Thanks for contacting Apple Support. If you are experiencing keyboard or typing issues, please check Settings > General > Keyboard and try resetting your keyboard dictionary.",26,174,0.0222
1646330,Mr. Robot is not working on Apple TV ITunes,Apps & Storage,Apps & Storage,True,"Thanks for contacting us. For app or storage issues, please check Settings > General > iPhone Storage, make sure your apps are updated in the App Store, and restart your device.",31,177,0.0
1148831,Getting this each time I enter my pin. Help? There is no way to get to the next screen either. [URL],Apple ID,Screen & Camera,False,"Thanks for reaching out. For screen or camera issues, please restart your device, clean the display/lens, and verify your display settings under Settings > Display & Brightness.",27,177,0.0488
798827,"Wow @115858, your own app won’t open due to “security.” An audio file created on the iPhone in the Voice Recorder app playing in Quicktime. [URL]",Sound & Bluetooth,Apps & Storage,False,"Thanks for contacting us. For app or storage issues, please check Settings > General > iPhone Storage, make sure your apps are updated in the App Store, and restart your device.",31,177,0.1111
1142068,Get your shit together @115858 stop putting the media player up on the lock screen when music ISNT PLAYING. I DONT EVEN HAVE AN APP OPEN.,Other,Screen & Camera,False,"Thanks for reaching out. For screen or camera issues, please restart your device, clean the display/lens, and verify your display settings under Settings > Display & Brightness.",27,177,0.0667
236392,@115858 update keeps turning on my Bluetooth—why???,Sound & Bluetooth,Sound & Bluetooth,True,"We're here to help with your audio and connectivity concerns. Please try toggling Bluetooth off and on, unpairing and repairing your accessory, or restarting your device.",26,170,0.0
1019374,Please sort out the App Store!! I need to download the x factor app so I can vote and it’s not working!! @AppleSupport,Apps & Storage,Apps & Storage,True,"Thanks for contacting us. For app or storage issues, please check Settings > General > iPhone Storage, make sure your apps are updated in the App Store, and restart your device.",31,177,0.093
2570941,"@115858 baby, what are you doing with these software updates? #ios1103 fried my rear camera and flashlight, and my battery life is trash 👎",Screen & Camera,Screen & Camera,True,"Thanks for reaching out. For screen or camera issues, please restart your device, clean the display/lens, and verify your display settings under Settings > Display & Brightness.",27,177,0.0465
848283,"Dear @AppleSupport, ever since I upgraded to #ios11 my battery drains overly quickly. Please sort this bug out asap. Many thanks",Battery,Battery,True,"Thanks for reaching out. For battery performance issues, please check Settings > Battery to review app battery usage, ensure your device is running the latest iOS update, and consider enabling Low Power Mode.",33,208,0.0851
2506762,"how do I turn off this auto brightness stuff with iOS 11, it’s getting really annoying constantly adjusting it.",Screen & Camera,Sound & Bluetooth,False,"We're here to help with your audio and connectivity concerns. Please try toggling Bluetooth off and on, unpairing and repairing your accessory, or restarting your device.",26,170,0.0513
716614,"Help new #ios makes my iPhone 6 stuck, slow and no working properly at all. Why oh why @115858!!!!",Phone Performance,Phone Performance,True,"We'd like to help with your device performance. Please try restarting your device, closing unused background applications, and ensuring you have sufficient available storage.",24,174,0.0513
1398118,"any ideas what's wrong with my screen, folks? Showing green and purple.Happened randomly, no shock/heat/water exposure. [URL]",Screen & Camera,Screen & Camera,True,"Thanks for reaching out. For screen or camera issues, please restart your device, clean the display/lens, and verify your display settings under Settings > Display & Brightness.",27,177,0.0256
1983490,"Is it me, or since I updated my @115858 iPhone and iPad OS the battery juice is running down a lot faster.... ??",Battery,Battery,True,"Thanks for reaching out. For battery performance issues, please check Settings > Battery to review app battery usage, ensure your device is running the latest iOS update, and consider enabling Low Power Mode.",33,208,0.1064
2615338,"I can’t download (apps)on my iPhone coz of billing problems,I’am so upset that I can’t watch bts!i was charged unauthorized [URL]",Apple ID,Apps & Storage,False,"Thanks for contacting us. For app or storage issues, please check Settings > General > iPhone Storage, make sure your apps are updated in the App Store, and restart your device.",31,177,0.0222
174936,I don’t want to use your iCloud. I do I make it so you can’t keep reminding me to sign in. If it keeps happening I’ll just switch companies [URL],Apple ID,Apple ID,True,"Thanks for reaching out regarding your account. For Apple ID and password assistance, please visit appleid.apple.com to verify your account security settings or initiate recovery.",25,179,0.0426
2237383,"Today i got asked for my apple id password, i filled in the right one, then i had to change it WHY?",Apple ID,Apple ID,True,"Thanks for reaching out regarding your account. For Apple ID and password assistance, please visit appleid.apple.com to verify your account security settings or initiate recovery.",25,179,0.1026
2029718,HEY @AppleSupport WHY CAN I️ USE THE LETTER I️?!?!?!?! WHY DOES THIS WEIRD SYMBOL POP UP 😡,Keyboard,Keyboard,True,"Thanks for contacting Apple Support. If you are experiencing keyboard or typing issues, please check Settings > General > Keyboard and try resetting your keyboard dictionary.",26,174,0.0
1936730,"Ios 11 software included many errors. Now with 11.0.3, whatsapp messages has not received. @115858",Apps & Storage,Battery,False,"Thanks for reaching out. For battery performance issues, please check Settings > Battery to review app battery usage, ensure your device is running the latest iOS update, and consider enabling Low Power Mode.",33,208,0.0227
592243,I have problem with the iCloud that didn’t pass all the contact to an iPhone X. Do you have any solution?,Apple ID,Apple ID,True,"Thanks for reaching out regarding your account. For Apple ID and password assistance, please visit appleid.apple.com to verify your account security settings or initiate recovery.",25,179,0.0244
2440882,"iMessage on two Macs, both running Sierra. One correctly identifies the name of contacts through the address book. The other only displays the name if the number begins with +447 … Locale set correctly. Signed in and out of iCloud. This is so frustrating. @AppleSupport",Apps & Storage,Apple ID,False,"Thanks for reaching out regarding your account. For Apple ID and password assistance, please visit appleid.apple.com to verify your account security settings or initiate recovery.",25,179,0.0333
2595487,The new iPhone update is making the Bluetooth in my car glitch. @115858 gimme my coins,Sound & Bluetooth,Sound & Bluetooth,True,"We're here to help with your audio and connectivity concerns. Please try toggling Bluetooth off and on, unpairing and repairing your accessory, or restarting your device.",26,170,0.0286
271878,@115858 My battery life is draining after the 11 update. Any fixes for that?,Battery,Battery,True,"Thanks for reaching out. For battery performance issues, please check Settings > Battery to review app battery usage, ensure your device is running the latest iOS update, and consider enabling Low Power Mode.",33,208,0.1
1882488,My iphone7s microphone doesn’t work. when i make calls or video calls no one can hear me. i’ve tried everything.,Sound & Bluetooth,Sound & Bluetooth,True,"We're here to help with your audio and connectivity concerns. Please try toggling Bluetooth off and on, unpairing and repairing your accessory, or restarting your device.",26,170,0.025
2050211,"@115858 last update doesnt work. Didnt experience any crackling sound, but now I do. #apple #iPhone6 #iOS11.0.2",Sound & Bluetooth,Sound & Bluetooth,True,"We're here to help with your audio and connectivity concerns. Please try toggling Bluetooth off and on, unpairing and repairing your accessory, or restarting your device.",26,170,0.0
2734107,"My battery is draining very fast on my iPhone 6... just getting 2-2.5 hours of screen on time,,, this is not accepted🤦🏻‍♂️🤷🏻‍♂️",Battery,Battery,True,"Thanks for reaching out. For battery performance issues, please check Settings > Battery to review app battery usage, ensure your device is running the latest iOS update, and consider enabling Low Power Mode.",33,208,0.0426
1781114,My iPhone won’t back up & states I don’t have enough storage? I have deleted everything from the cloud. @115858 fix this I’m tired,Apps & Storage,Apps & Storage,True,"Thanks for contacting us. For app or storage issues, please check Settings > General > iPhone Storage, make sure your apps are updated in the App Store, and restart your device.",31,177,0.0426
1795851,"reset my Apple Watch and it updated but won't pair to my phone, it's stuck on the software up to date and no way to continue @AppleSupport",Sound & Bluetooth,Apple ID,False,"Thanks for reaching out regarding your account. For Apple ID and password assistance, please visit appleid.apple.com to verify your account security settings or initiate recovery.",25,179,0.0698
1138016,@118721 @AppleSupport @115858 Can someone please tell me. Why i got charged for 1600 for itunes,Apple ID,Apps & Storage,False,"Thanks for contacting us. For app or storage issues, please check Settings > General > iPhone Storage, make sure your apps are updated in the App Store, and restart your device.",31,177,0.05
2293093,what is with this freaking keyboard in recent update. I’m so sick of correcting numbers sneaking into my words I’m now willing to look at other products,Keyboard,Keyboard,True,"Thanks for contacting Apple Support. If you are experiencing keyboard or typing issues, please check Settings > General > Keyboard and try resetting your keyboard dictionary.",26,174,0.0208
1559956,"@116333 hi,I am Apple user since 2007. Yesterday morning I got defected screen on iPhone X from Etisalat UAE at the Dubai Mall.",Screen & Camera,Screen & Camera,True,"Thanks for reaching out. For screen or camera issues, please restart your device, clean the display/lens, and verify your display settings under Settings > Display & Brightness.",27,177,0.0455
2977685,SUPPORT ME!!! WHY DID MY BACK CAMERA DECIDE TO BREAK AND TURN MY SCREEN BLACK WHEN TRYING TO TAKE A PICTURE MID USE???????!!,Screen & Camera,Screen & Camera,True,"Thanks for reaching out. For screen or camera issues, please restart your device, clean the display/lens, and verify your display settings under Settings > Display & Brightness.",27,177,0.0732
2031239,My @115858 laptop won't let me access the @65062 webiste. Anyone else having this issue? Says it's not secure. I just want to renew,Apps & Storage,Apps & Storage,True,"Thanks for contacting us. For app or storage issues, please check Settings > General > iPhone Storage, make sure your apps are updated in the App Store, and restart your device.",31,177,0.02
990420,there is a bug in iOS 11 when we take person on con call screen gets stuck #Iphone6 @115858,Phone Performance,Screen & Camera,False,"Thanks for reaching out. For screen or camera issues, please restart your device, clean the display/lens, and verify your display settings under Settings > Display & Brightness.",27,177,0.0244
1395690,Yo @115858 used your headphone transfer cable twice and it’s already broken...#bringbacktheheadphonejack,Sound & Bluetooth,Sound & Bluetooth,True,"We're here to help with your audio and connectivity concerns. Please try toggling Bluetooth off and on, unpairing and repairing your accessory, or restarting your device.",26,170,0.0625
2890643,"Iphone 6 user who recently updated software to 11.1.2. Troubled by unexpected freezing of phone, blank screen and unresponsivness of applications.",Phone Performance,Screen & Camera,False,"Thanks for reaching out. For screen or camera issues, please restart your device, clean the display/lens, and verify your display settings under Settings > Display & Brightness.",27,177,0.0488
1339696,after recent update my volume up button doesn’t work,Sound & Bluetooth,Sound & Bluetooth,True,"We're here to help with your audio and connectivity concerns. Please try toggling Bluetooth off and on, unpairing and repairing your accessory, or restarting your device.",26,170,0.0
